Tree_ID,Source,Date,Crown base height [m],Height [m],Crown diameter [m],Canopy condition,"Crown projection area, convex hull [m**2]","Crown projection area, concave hull [m**2]",Latitude (EPSG:4326),Longitude (EPSG:4326),Easting [m],Northing [m],Height [m]_general,Target_DBH,Specie_Acer campestre,Specie_Acer pseudoplatanus,Specie_Carpinus betulus,Specie_Fagus sylvatica,Specie_Larix decidua,Specie_Picea abies,Specie_Pinus sylvestris,Specie_Prunus avium,Specie_Pseudotsuga menziesii,Specie_Quercus petraea,Specie_Salix caprea
AceCam_BR01_P19T9,ULS,2019-09-12,1.35,10.992,8.177,leaf-on,47.162,41.405,49.014,8.682842,476808.78425,5429060.50575,271.049988,17.0,True,False,False,False,False,False,False,False,False,False,False
AceCam_BR01_P21T41,ULS,2019-09-12,1.25,7.255,4.01,leaf-on,11.289,9.109,49.014387,8.682112,476755.613281,5429103.762,254.481,6.4,True,False,False,False,False,False,False,False,False,False,False
AceCam_BR01_P21T42,ULS,2019-09-12,1.25,7.377,5.434,leaf-on,19.333,15.171,49.014377,8.682139,476757.5725,5429102.71925,254.985321,6.4,True,False,False,False,False,False,False,False,False,False,False
AceCam_BR01_P6T5,ULS,2019-09-12,1.35,18.228,13.585,leaf-on,130.32,104.902,49.013874,8.681704,476725.500742,5429046.887562,255.964981,41.5,True,False,False,False,False,False,False,False,False,False,False
AcePse_BR01_P17T26,ULS,2019-09-12,2.55,12.281,3.8,leaf-on,10.903,9.842,49.014186,8.682164,476759.28125,5429081.47675,258.724548,9.6,False,True,False,False,False,False,False,False,False,False,False
AcePse_BR01_P21T1,ULS,2019-09-12,1.45,12.83,4.061,leaf-on,11.55,10.696,49.014256,8.682132,476756.99025,5429089.25575,257.053009,6.8,False,True,False,False,False,False,False,False,False,False,False
AcePse_BR01_P7T11,ULS,2019-09-12,6.45,13.126,3.932,leaf-on,10.261,8.86,49.013806,8.682009,476747.765,5429039.22875,260.957489,9.2,False,True,False,False,False,False,False,False,False,False,False
AcePse_BR01_P7T14,ULS,2019-09-12,2.55,12.794,6.683,leaf-on,34.502,28.945,49.013762,8.682145,476757.6965,5429034.308,262.965271,11.0,False,True,False,False,False,False,False,False,False,False,False
CarBet_BR01_P13T02,ULS,2019-09-12,1.35,18.37,9.557,leaf-on,71.947,61.936,49.013779,8.682508,476784.24675,5429036.04075,269.714783,21.0,False,False,True,False,False,False,False,False,False,False,False
CarBet_BR01_P13T03,ULS,2019-09-12,1.05,18.09,9.373,leaf-on,67.039,59.749,49.013783,8.682501,476783.7538,5429036.5397,269.626709,21.5,False,False,True,False,False,False,False,False,False,False,False
CarBet_BR01_P17T10,ULS,2019-09-12,1.45,12.077,4.789,leaf-on,16.518,13.429,49.014204,8.682363,476773.83675,5429083.365,261.254852,7.8,False,False,True,False,False,False,False,False,False,False,False
CarBet_BR01_P17T28,ULS,2019-09-12,3.05,11.644,3.395,leaf-on,8.891,7.72,49.014246,8.682229,476764.08825,5429088.036,258.802094,7.3,False,False,True,False,False,False,False,False,False,False,False
CarBet_BR01_P17T33,ULS,2019-09-12,2.45,7.132,4.095,leaf-on,12.434,8.482,49.014055,8.682398,476776.3415,5429066.833,263.5845,6.2,False,False,True,False,False,False,False,False,False,False,False
CarBet_BR01_P18T15,ULS,2019-09-12,1.75,10.59,8.083,leaf-on,47.604,41.311,49.013918,8.682544,476786.92425,5429051.53375,267.337769,13.3,False,False,True,False,False,False,False,False,False,False,False
CarBet_BR01_P18T22,ULS,2019-09-12,1.95,11.854,5.153,leaf-on,17.596,15.922,49.014186,8.682416,476777.68525,5429081.309,262.111969,11.3,False,False,True,False,False,False,False,False,False,False,False
CarBet_BR01_P18T23,ULS,2019-09-12,1.85,12.141,4.124,leaf-on,12.083,10.503,49.014192,8.682345,476772.507,5429082.0335,261.170166,6.3,False,False,True,False,False,False,False,False,False,False,False
CarBet_BR01_P18T6,ULS,2019-09-12,0.0,8.304,6.378,leaf-on,28.805,23.036,49.013964,8.682616,476792.207333,5429056.572333,267.463928,8.5,False,False,True,False,False,False,False,False,False,False,False
CarBet_BR01_P18T8,ULS,2019-09-12,0.25,15.361,9.684,leaf-on,64.21,52.457,49.014088,8.682655,476795.1785,5429070.44375,265.843933,25.6,False,False,True,False,False,False,False,False,False,False,False
CarBet_BR01_P18T9,ULS,2019-09-12,0.95,12.39,7.449,leaf-on,38.756,34.339,49.014093,8.682548,476787.32375,5429070.99275,264.689941,14.8,False,False,True,False,False,False,False,False,False,False,False
CarBet_BR01_P19T12,ULS,2019-09-12,1.25,5.457,4.804,leaf-on,17.019,14.206,49.014045,8.682783,476804.48775,5429065.5465,268.747955,6.3,False,False,True,False,False,False,False,False,False,False,False
CarBet_BR01_P19T7,ULS,2019-09-12,0.85,17.843,9.515,leaf-on,61.89,53.026,49.014021,8.682737,476801.092,5429062.93525,268.330139,17.0,False,False,True,False,False,False,False,False,False,False,False
CarBet_BR01_P20T12,ULS,2019-09-12,2.25,10.826,6.917,leaf-on,33.459,27.362,49.013826,8.683128,476829.58275,5429041.139,278.160126,12.9,False,False,True,False,False,False,False,False,False,False,False
CarBet_BR01_P20T14,ULS,2019-09-12,1.05,12.889,12.384,leaf-on,105.858,93.651,49.013898,8.682994,476819.865273,5429049.139795,275.933,19.6,False,False,True,False,False,False,False,False,False,False,False
CarBet_BR01_P20T6,ULS,2019-09-12,2.25,15.368,12.433,leaf-on,105.109,90.561,49.013892,8.683079,476826.071639,5429048.435444,276.894531,25.0,False,False,True,False,False,False,False,False,False,False,False
CarBet_BR01_P21T46,ULS,2019-09-12,4.65,11.773,4.622,leaf-on,15.153,13.725,49.014315,8.682284,476768.1595,5429095.6825,258.22464,8.3,False,False,True,False,False,False,False,False,False,False,False
CarBet_BR01_P22T18,ULS,2019-09-12,1.95,10.558,6.897,leaf-on,32.977,27.95,49.014302,8.682446,476779.977,5429094.21725,260.458527,7.3,False,False,True,False,False,False,False,False,False,False,False
CarBet_BR01_P22T20,ULS,2019-09-12,2.35,12.96,5.66,leaf-on,22.098,18.155,49.014283,8.682387,476775.6485,5429092.20175,260.215393,9.8,False,False,True,False,False,False,False,False,False,False,False
CarBet_BR01_P22T21,ULS,2019-09-12,2.05,10.915,5.302,leaf-on,19.622,17.459,49.014229,8.682386,476775.54975,5429086.17825,261.234894,7.7,False,False,True,False,False,False,False,False,False,False,False
CarBet_BR01_P22T25,ULS,2019-09-12,2.15,8.483,6.304,leaf-on,26.227,22.426,49.014306,8.682349,476772.88,5429094.6735,259.389496,8.0,False,False,True,False,False,False,False,False,False,False,False
CarBet_BR01_P22T26,ULS,2019-09-12,3.85,9.488,4.624,leaf-on,13.886,12.341,49.014293,8.682329,476771.43275,5429093.24875,259.432709,7.8,False,False,True,False,False,False,False,False,False,False,False
CarBet_BR01_P22T27,ULS,2019-09-12,1.65,10.24,4.452,leaf-on,13.426,10.796,49.014272,8.682411,476777.408562,5429090.927938,260.660431,8.3,False,False,True,False,False,False,False,False,False,False,False
CarBet_BR01_P22T34,ULS,2019-09-12,5.25,9.284,3.444,leaf-on,7.988,6.956,49.01432,8.682304,476769.62625,5429096.238,258.536194,5.0,False,False,True,False,False,False,False,False,False,False,False
CarBet_BR01_P22T35,ULS,2019-09-12,2.25,9.799,4.823,leaf-on,17.444,15.695,49.01435,8.682282,476768.01025,5429099.677,257.540894,7.1,False,False,True,False,False,False,False,False,False,False,False
CarBet_BR01_P23T02,ULS,2019-09-12,2.55,25.37,12.076,leaf-on,96.36,83.928,49.014213,8.682637,476793.924,5429084.33225,264.01712,29.4,False,False,True,False,False,False,False,False,False,False,False
CarBet_BR01_P24T11,ULS,2019-09-12,1.85,17.924,7.533,leaf-on,38.491,33.29,49.014077,8.682776,476804.0075,5429069.1635,267.919006,18.8,False,False,True,False,False,False,False,False,False,False,False
CarBet_BR01_P24T12,ULS,2019-09-12,3.25,15.378,6.487,leaf-on,29.482,23.8,49.014097,8.682767,476803.352,5429071.326,267.373932,11.5,False,False,True,False,False,False,False,False,False,False,False
CarBet_BR01_P5T20,ULS,2019-09-12,2.15,22.658,8.488,leaf-on,54.292,47.917,49.013319,8.682617,476792.01625,5428984.92775,277.790527,24.1,False,False,True,False,False,False,False,False,False,False,False
CarBet_BR01_P6T22,ULS,2019-09-12,2.05,11.955,7.066,leaf-on,37.409,33.52,49.013883,8.681905,476740.19525,5429047.81875,258.485962,12.1,False,False,True,False,False,False,False,False,False,False,False
CarBet_BR01_P6T22a,ULS,2019-09-12,2.05,11.847,5.576,leaf-on,21.015,17.152,49.013879,8.681902,476739.97625,5429047.388,258.543518,10.8,False,False,True,False,False,False,False,False,False,False,False
CarBet_BR01_P7T10,ULS,2019-09-12,2.65,14.874,6.202,leaf-on,28.391,26.08,49.013797,8.681993,476746.59875,5429038.20725,260.79007,19.1,False,False,True,False,False,False,False,False,False,False,False
CarBet_BR01_P7T13,ULS,2019-09-12,4.55,13.765,5.483,leaf-on,22.323,20.173,49.013731,8.682038,476749.90075,5429030.9065,262.113953,9.0,False,False,True,False,False,False,False,False,False,False,False
CarBet_BR01_P7T30,ULS,2019-09-12,3.15,10.378,6.153,leaf-on,28.031,25.558,49.013836,8.682073,476752.45975,5429042.58225,261.321381,8.7,False,False,True,False,False,False,False,False,False,False,False
CarBet_BR01_P7T32,ULS,2019-09-12,1.95,13.777,7.365,leaf-on,37.804,32.959,49.013732,8.682075,476752.57575,5429030.977,262.555786,13.1,False,False,True,False,False,False,False,False,False,False,False
CarBet_BR01_P7T34,ULS,2019-09-12,1.75,11.551,7.475,leaf-on,39.758,33.642,49.013762,8.682075,476752.596125,5429034.379979,262.277191,9.9,False,False,True,False,False,False,False,False,False,False,False
CarBet_BR01_P7T37,ULS,2019-09-12,4.25,11.288,4.273,leaf-on,13.128,10.96,49.013814,8.682041,476750.14225,5429040.13575,261.151428,6.5,False,False,True,False,False,False,False,False,False,False,False
CarBet_BR01_P7T38,ULS,2019-09-12,4.45,12.612,5.208,leaf-on,18.702,16.59,49.013812,8.682029,476749.2355,5429039.90125,260.96817,8.7,False,False,True,False,False,False,False,False,False,False,False
CarBet_BR01_P7T9,ULS,2019-09-12,4.55,14.162,9.167,leaf-on,64.405,52.8,49.013775,8.682014,476748.1525,5429035.7835,261.31543,14.8,False,False,True,False,False,False,False,False,False,False,False
FagSyl_BR01_P10T9,ULS,2019-09-12,2.05,32.028,15.447,leaf-on,157.823,129.312,49.013487,8.682812,476806.36425,5429003.5055,278.395874,52.0,False,False,False,True,False,False,False,False,False,False,False
FagSyl_BR01_P13T01,ULS,2019-09-12,1.25,28.389,10.658,leaf-on,79.573,69.421,49.013853,8.682561,476788.14125,5429044.257,269.073456,43.9,False,False,False,True,False,False,False,False,False,False,False
FagSyl_BR01_P14T01,ULS,2019-09-12,0.0,30.311,14.261,leaf-on,130.765,109.757,49.013853,8.682723,476800.03825,5429044.24525,272.311584,45.8,False,False,False,True,False,False,False,False,False,False,False
FagSyl_BR01_P14T02,ULS,2019-09-12,1.25,30.153,9.601,leaf-on,67.151,57.236,49.013806,8.682729,476800.45475,5429038.989,273.558716,38.3,False,False,False,True,False,False,False,False,False,False,False
FagSyl_BR01_P14T03,ULS,2019-09-12,1.35,27.912,9.744,leaf-on,69.649,61.646,49.013821,8.682823,476807.29025,5429040.62025,274.6465,38.3,False,False,False,True,False,False,False,False,False,False,False
FagSyl_BR01_P14T05,ULS,2019-09-12,0.85,29.544,9.259,leaf-on,61.359,54.582,49.01381,8.682864,476810.2695,5429039.47,275.52475,38.1,False,False,False,True,False,False,False,False,False,False,False
FagSyl_BR01_P14T06,ULS,2019-09-12,1.35,29.489,10.891,leaf-on,83.07,67.882,49.013745,8.682573,476789.00975,5429032.2785,271.624573,38.5,False,False,False,True,False,False,False,False,False,False,False
FagSyl_BR01_P14T07,ULS,2019-09-12,1.05,28.46,9.513,leaf-on,62.329,54.079,49.013712,8.682597,476790.75925,5429028.61025,272.677185,31.7,False,False,False,True,False,False,False,False,False,False,False
FagSyl_BR01_P14T08,ULS,2019-09-12,0.0,30.849,12.739,leaf-on,129.291,113.159,49.013697,8.682656,476795.02425,5429026.89775,273.942291,54.2,False,False,False,True,False,False,False,False,False,False,False
FagSyl_BR01_P14T10,ULS,2019-09-12,0.95,15.265,8.008,leaf-on,46.405,42.34,49.013804,8.682825,476807.4545,5429038.731,275.1085,14.7,False,False,False,True,False,False,False,False,False,False,False
FagSyl_BR01_P15T01,ULS,2019-09-12,0.65,22.031,13.933,leaf-on,145.072,128.659,49.013682,8.682906,476813.31175,5429025.146539,277.320221,37.1,False,False,False,True,False,False,False,False,False,False,False
FagSyl_BR01_P16T10,ULS,2019-09-12,3.05,13.757,6.873,leaf-on,31.589,26.725,49.014248,8.682166,476759.4735,5429088.375,257.696655,12.7,False,False,False,True,False,False,False,False,False,False,False
FagSyl_BR01_P16T2,ULS,2019-09-12,4.95,11.174,2.575,leaf-on,4.44,4.046,49.014235,8.682242,476765.046,5429086.83675,259.111542,6.1,False,False,False,True,False,False,False,False,False,False,False
FagSyl_BR01_P16T9,ULS,2019-09-12,2.05,11.464,4.016,leaf-on,12.517,10.617,49.01423,8.682225,476763.7835,5429086.2775,258.955597,8.2,False,False,False,True,False,False,False,False,False,False,False
FagSyl_BR01_P17T1,ULS,2019-09-12,3.15,28.45,9.929,leaf-on,68.991,58.834,49.014083,8.682264,476766.536,5429070.004,261.929,53.6,False,False,False,True,False,False,False,False,False,False,False
FagSyl_BR01_P17T30,ULS,2019-09-12,1.95,11.264,3.295,leaf-on,7.667,6.048,49.014233,8.682233,476764.3655,5429086.607,259.063507,6.2,False,False,False,True,False,False,False,False,False,False,False
FagSyl_BR01_P17T32,ULS,2019-09-12,2.85,8.379,3.761,leaf-on,10.96,9.177,49.014246,8.682244,476765.17375,5429088.0485,259.067841,5.4,False,False,False,True,False,False,False,False,False,False,False
FagSyl_BR01_P17T5,ULS,2019-09-12,1.75,22.241,11.321,leaf-on,99.599,87.303,49.014061,8.682252,476765.6965,5429067.4995,261.767,42.5,False,False,False,True,False,False,False,False,False,False,False
FagSyl_BR01_P17T9,ULS,2019-09-12,1.45,13.471,5.827,leaf-on,24.89,21.003,49.014158,8.682392,476775.9685,5429078.26025,262.23111,11.4,False,False,False,True,False,False,False,False,False,False,False
FagSyl_BR01_P18T10,ULS,2019-09-12,1.25,11.381,4.971,leaf-on,17.736,15.271,49.014098,8.682609,476791.806688,5429071.561562,265.243774,7.5,False,False,False,True,False,False,False,False,False,False,False
FagSyl_BR01_P18T11,ULS,2019-09-12,0.95,9.496,5.642,leaf-on,20.423,15.863,49.01414,8.682608,476791.701583,5429076.211917,264.687927,7.2,False,False,False,True,False,False,False,False,False,False,False
FagSyl_BR01_P18T12,ULS,2019-09-12,0.25,9.307,5.311,leaf-on,21.742,19.774,49.014083,8.682561,476788.25775,5429069.821,264.985291,9.5,False,False,False,True,False,False,False,False,False,False,False
FagSyl_BR01_P18T13,ULS,2019-09-12,0.95,8.866,4.921,leaf-on,16.433,13.871,49.013999,8.682651,476794.825429,5429060.454536,267.415527,9.5,False,False,False,True,False,False,False,False,False,False,False
FagSyl_BR01_P18T14,ULS,2019-09-12,6.65,32.863,8.477,leaf-on,51.158,46.242,49.013902,8.682497,476783.47775,5429049.77075,266.72818,44.5,False,False,False,True,False,False,False,False,False,False,False
FagSyl_BR01_P18T16,ULS,2019-09-12,3.95,30.712,11.451,leaf-on,89.726,77.425,49.013912,8.682427,476778.39725,5429050.9005,265.386017,54.5,False,False,False,True,False,False,False,False,False,False,False
FagSyl_BR01_P18T18,ULS,2019-09-12,0.95,26.254,12.893,leaf-on,114.427,99.893,49.014091,8.682343,476772.31075,5429070.7875,262.51889,44.8,False,False,False,True,False,False,False,False,False,False,False
FagSyl_BR01_P18T2,ULS,2019-09-12,3.85,35.803,11.531,leaf-on,101.77,85.123,49.01395,8.682494,476783.348511,5429055.089844,266.024,55.6,False,False,False,True,False,False,False,False,False,False,False
FagSyl_BR01_P18T24,ULS,2019-09-12,2.65,24.365,7.158,leaf-on,39.385,32.502,49.014137,8.682319,476770.588,5429075.9285,261.74826,31.6,False,False,False,True,False,False,False,False,False,False,False
FagSyl_BR01_P18T26,ULS,2019-09-12,7.95,14.907,7.744,leaf-on,41.448,35.815,49.013962,8.682349,476772.715,5429056.42075,263.944244,56.2,False,False,False,True,False,False,False,False,False,False,False
FagSyl_BR01_P18T27,ULS,2019-09-12,0.75,20.888,9.548,leaf-on,66.608,58.882,49.014025,8.682305,476769.55625,5429063.473,262.697693,26.3,False,False,False,True,False,False,False,False,False,False,False
FagSyl_BR01_P18T28,ULS,2019-09-12,1.25,19.986,7.576,leaf-on,41.919,35.574,49.014003,8.682335,476771.69775,5429061.05825,263.233154,24.9,False,False,False,True,False,False,False,False,False,False,False
FagSyl_BR01_P18T29,ULS,2019-09-12,4.65,18.61,9.126,leaf-on,60.918,55.174,49.014006,8.6823,476769.168,5429061.372,262.774902,30.3,False,False,False,True,False,False,False,False,False,False,False
FagSyl_BR01_P18T3,ULS,2019-09-12,1.85,20.563,6.788,leaf-on,36.349,32.109,49.013989,8.682509,476784.463,5429059.40475,265.576752,25.9,False,False,False,True,False,False,False,False,False,False,False
FagSyl_BR01_P18T7,ULS,2019-09-12,1.75,13.583,8.18,leaf-on,47.742,41.327,49.014092,8.682606,476791.541,5429070.804,265.226105,13.7,False,False,False,True,False,False,False,False,False,False,False
FagSyl_BR01_P19T1,ULS,2019-09-12,1.55,32.045,11.34,leaf-on,78.737,66.658,49.013934,8.682854,476809.60113,5429053.224995,272.69104,40.0,False,False,False,True,False,False,False,False,False,False,False
FagSyl_BR01_P19T10,ULS,2019-09-12,0.25,8.443,5.006,leaf-on,18.097,16.176,49.013966,8.682802,476805.80525,5429056.811,270.809265,10.7,False,False,False,True,False,False,False,False,False,False,False
FagSyl_BR01_P19T10a,ULS,2019-09-12,1.05,8.689,5.43,leaf-on,21.567,18.233,49.013977,8.682811,476806.4875,5429058.0185,270.82019,12.4,False,False,False,True,False,False,False,False,False,False,False
FagSyl_BR01_P19T17,ULS,2019-09-12,11.65,30.374,10.156,leaf-on,78.237,69.421,49.013891,8.682655,476795.0715,5429048.531,269.995331,40.1,False,False,False,True,False,False,False,False,False,False,False
FagSyl_BR01_P19T2,ULS,2019-09-12,4.75,29.513,11.864,leaf-on,93.703,75.968,49.014016,8.682808,476806.30125,5429062.35175,269.867828,41.0,False,False,False,True,False,False,False,False,False,False,False
FagSyl_BR01_P19T5,ULS,2019-09-12,2.45,27.884,7.441,leaf-on,42.994,36.847,49.013881,8.682759,476802.6635,5429047.31675,272.126495,33.2,False,False,False,True,False,False,False,False,False,False,False
FagSyl_BR01_P19T6,ULS,2019-09-12,3.05,24.742,10.241,leaf-on,76.619,64.238,49.014005,8.68267,476796.1845,5429061.1775,267.557587,34.1,False,False,False,True,False,False,False,False,False,False,False
FagSyl_BR01_P19T8,ULS,2019-09-12,2.05,15.51,8.583,leaf-on,53.691,48.251,49.013992,8.682717,476799.6365,5429059.6485,268.580597,18.9,False,False,False,True,False,False,False,False,False,False,False
FagSyl_BR01_P20T15,ULS,2019-09-12,2.35,11.378,8.465,leaf-on,43.523,34.669,49.013973,8.683049,476823.92225,5429057.463,275.353424,9.1,False,False,False,True,False,False,False,False,False,False,False
FagSyl_BR01_P20T3,ULS,2019-09-12,1.55,30.171,12.451,leaf-on,114.018,99.639,49.013994,8.682967,476817.88325,5429059.893,273.895874,47.5,False,False,False,True,False,False,False,False,False,False,False
FagSyl_BR01_P20T4,ULS,2019-09-12,0.85,28.486,12.288,leaf-on,109.795,84.023,49.01392,8.682933,476815.43425,5429051.66525,274.8405,42.7,False,False,False,True,False,False,False,False,False,False,False
FagSyl_BR01_P20T5,ULS,2019-09-12,11.75,29.489,10.464,leaf-on,82.405,73.199,49.013895,8.682878,476811.3337,5429048.8945,274.1705,43.3,False,False,False,True,False,False,False,False,False,False,False
FagSyl_BR01_P20T7,ULS,2019-09-12,6.35,29.297,11.879,leaf-on,98.979,86.688,49.013834,8.682908,476813.52825,5429042.032,275.76675,51.7,False,False,False,True,False,False,False,False,False,False,False
FagSyl_BR01_P20T8,ULS,2019-09-12,1.25,18.807,12.778,leaf-on,117.419,95.224,49.013813,8.683168,476832.4975,5429039.64175,278.46701,29.3,False,False,False,True,False,False,False,False,False,False,False
FagSyl_BR01_P20T9,ULS,2019-09-12,0.95,21.989,10.408,leaf-on,83.094,71.26,49.013821,8.682978,476818.61475,5429040.663,276.74125,31.0,False,False,False,True,False,False,False,False,False,False,False
FagSyl_BR01_P22T10,ULS,2019-09-12,3.75,25.806,10.773,leaf-on,86.864,78.575,49.014175,8.682492,476783.25225,5429080.1155,263.337189,47.9,False,False,False,True,False,False,False,False,False,False,False
FagSyl_BR01_P22T11,ULS,2019-09-12,4.95,23.112,10.925,leaf-on,87.171,80.449,49.014192,8.682392,476775.9475,5429082.04975,261.807159,39.0,False,False,False,True,False,False,False,False,False,False,False
FagSyl_BR01_P22T12,ULS,2019-09-12,1.85,21.117,11.844,leaf-on,106.504,98.861,49.014346,8.682369,476774.362,5429099.18175,258.750458,37.7,False,False,False,True,False,False,False,False,False,False,False
FagSyl_BR01_P22T17,ULS,2019-09-12,1.65,19.766,12.965,leaf-on,126.046,111.496,49.01422,8.682294,476768.7855,5429085.212,260.383118,41.9,False,False,False,True,False,False,False,False,False,False,False
FagSyl_BR01_P22T2,ULS,2019-09-12,0.45,30.419,12.148,leaf-on,112.771,97.875,49.01426,8.682544,476787.1205,5429089.52475,262.503143,51.0,False,False,False,True,False,False,False,False,False,False,False
FagSyl_BR01_P22T22,ULS,2019-09-12,2.05,12.276,4.477,leaf-on,15.315,12.947,49.01425,8.682407,476777.05625,5429088.465,261.018799,6.4,False,False,False,True,False,False,False,False,False,False,False
FagSyl_BR01_P22T29,ULS,2019-09-12,1.05,10.764,4.669,leaf-on,16.008,15.166,49.014308,8.682211,476762.80175,5429095.0195,257.446045,7.8,False,False,False,True,False,False,False,False,False,False,False
FagSyl_BR01_P22T3,ULS,2019-09-12,4.45,23.114,9.663,leaf-on,71.055,66.333,49.014357,8.682466,476781.438,5429100.35075,259.505646,36.9,False,False,False,True,False,False,False,False,False,False,False
FagSyl_BR01_P22T36,ULS,2019-09-12,0.75,10.705,3.917,leaf-on,11.941,10.851,49.014355,8.682273,476767.36225,5429100.16225,257.35379,9.7,False,False,False,True,False,False,False,False,False,False,False
FagSyl_BR01_P22T36a,ULS,2019-09-12,0.65,10.189,4.094,leaf-on,11.526,10.339,49.014346,8.682264,476766.66125,5429099.21475,257.393951,8.2,False,False,False,True,False,False,False,False,False,False,False
FagSyl_BR01_P22T37,ULS,2019-09-12,1.35,9.762,3.121,leaf-on,7.463,6.432,49.014336,8.682248,476765.4855,5429098.10625,257.378113,5.4,False,False,False,True,False,False,False,False,False,False,False
FagSyl_BR01_P22T8,ULS,2019-09-12,2.75,27.071,11.45,leaf-on,91.921,80.046,49.014352,8.682537,476786.62925,5429099.796,260.533051,43.8,False,False,False,True,False,False,False,False,False,False,False
FagSyl_BR01_P22T9,ULS,2019-09-12,1.15,23.197,9.288,leaf-on,60.331,53.339,49.014302,8.6825,476783.90625,5429094.23225,261.078674,31.4,False,False,False,True,False,False,False,False,False,False,False
FagSyl_BR01_P23T03,ULS,2019-09-12,11.75,29.028,11.057,leaf-on,77.942,65.755,49.014172,8.682597,476790.93875,5429079.754,264.180634,43.0,False,False,False,True,False,False,False,False,False,False,False
FagSyl_BR01_P23T04,ULS,2019-09-12,1.75,28.851,10.0,leaf-on,69.35,55.816,49.014149,8.682591,476790.5145,5429077.1865,264.471008,42.2,False,False,False,True,False,False,False,False,False,False,False
FagSyl_BR01_P23T05,ULS,2019-09-12,10.55,29.287,10.224,leaf-on,73.442,63.86,49.014144,8.682666,476796.012,5429076.66575,265.198212,46.9,False,False,False,True,False,False,False,False,False,False,False
FagSyl_BR01_P23T06,ULS,2019-09-12,1.35,15.732,7.598,leaf-on,41.106,35.07,49.014177,8.682685,476797.4155,5429080.27925,264.96875,17.5,False,False,False,True,False,False,False,False,False,False,False
FagSyl_BR01_P23T07,ULS,2019-09-12,15.35,30.014,8.321,leaf-on,47.154,42.011,49.014176,8.682746,476801.87575,5429080.19075,265.710907,32.7,False,False,False,True,False,False,False,False,False,False,False
FagSyl_BR01_P23T08,ULS,2019-09-12,1.35,31.634,9.761,leaf-on,63.653,55.443,49.014197,8.682811,476806.61575,5429082.436,266.299896,40.2,False,False,False,True,False,False,False,False,False,False,False
FagSyl_BR01_P23T09,ULS,2019-09-12,0.85,33.208,11.26,leaf-on,88.55,76.49,49.014248,8.682766,476803.32975,5429088.14475,265.119659,52.8,False,False,False,True,False,False,False,False,False,False,False
FagSyl_BR01_P24T01,ULS,2019-09-12,9.45,30.853,11.631,leaf-on,97.997,83.287,49.014185,8.682902,476813.28925,5429081.06775,268.356445,49.9,False,False,False,True,False,False,False,False,False,False,False
FagSyl_BR01_P24T02,ULS,2019-09-12,3.95,31.665,12.387,leaf-on,113.083,100.389,49.014088,8.682822,476807.33325,5429070.3245,268.680298,57.3,False,False,False,True,False,False,False,False,False,False,False
FagSyl_BR01_P24T03,ULS,2019-09-12,4.95,31.453,9.721,leaf-on,73.809,64.018,49.014161,8.682962,476817.61675,5429078.40525,269.893829,46.8,False,False,False,True,False,False,False,False,False,False,False
FagSyl_BR01_P24T04,ULS,2019-09-12,15.25,30.697,11.705,leaf-on,94.309,82.049,49.014173,8.683029,476822.563,5429079.71525,271.003082,40.7,False,False,False,True,False,False,False,False,False,False,False
FagSyl_BR01_P24T05,ULS,2019-09-12,2.95,30.914,10.044,leaf-on,64.067,48.571,49.014159,8.68307,476825.518041,5429078.142824,272.060364,39.2,False,False,False,True,False,False,False,False,False,False,False
FagSyl_BR01_P24T07,ULS,2019-09-12,17.75,28.587,7.7,leaf-on,40.328,32.72,49.014112,8.683093,476827.15825,5429072.9545,273.515503,38.1,False,False,False,True,False,False,False,False,False,False,False
FagSyl_BR01_P24T08,ULS,2019-09-12,2.15,30.534,11.967,leaf-on,128.747,106.689,49.014093,8.682932,476815.379589,5429070.86904,270.854736,47.7,False,False,False,True,False,False,False,False,False,False,False
FagSyl_BR01_P24T09,ULS,2019-09-12,16.25,21.877,5.248,leaf-on,18.716,14.64,49.014134,8.682907,476813.58975,5429075.40675,269.360382,23.1,False,False,False,True,False,False,False,False,False,False,False
FagSyl_BR01_P24T10,ULS,2019-09-12,0.25,22.229,7.767,leaf-on,46.599,40.949,49.014114,8.683031,476822.623074,5429073.138588,272.381195,20.9,False,False,False,True,False,False,False,False,False,False,False
FagSyl_BR01_P24T13,ULS,2019-09-12,1.25,13.336,7.046,leaf-on,33.581,28.118,49.014115,8.682759,476802.778,5429073.39575,266.867126,14.4,False,False,False,True,False,False,False,False,False,False,False
FagSyl_BR01_P24T14,ULS,2019-09-12,1.05,28.739,7.657,leaf-on,44.461,39.151,49.014061,8.68292,476814.506,5429067.264,271.4465,28.4,False,False,False,True,False,False,False,False,False,False,False
FagSyl_BR01_P25T1,ULS,2019-09-12,3.65,24.57,9.334,leaf-on,63.6,57.218,49.01406,8.683136,476830.328756,5429067.183946,275.186462,40.9,False,False,False,True,False,False,False,False,False,False,False
FagSyl_BR01_P25T10,ULS,2019-09-12,2.95,18.517,8.433,leaf-on,53.526,47.74,49.014036,8.683298,476842.17625,5429064.357,277.324066,24.3,False,False,False,True,False,False,False,False,False,False,False
FagSyl_BR01_P25T11,ULS,2019-09-12,1.15,15.066,12.343,leaf-on,118.15,108.044,49.014006,8.683163,476832.234,5429061.13475,276.178955,28.4,False,False,False,True,False,False,False,False,False,False,False
FagSyl_BR01_P25T12,ULS,2019-09-12,1.15,10.707,5.643,leaf-on,24.605,21.398,49.013989,8.683073,476825.68775,5429059.247,275.354462,10.0,False,False,False,True,False,False,False,False,False,False,False
FagSyl_BR01_P25T17,ULS,2019-09-12,0.95,11.183,7.255,leaf-on,35.648,31.864,49.013933,8.683139,476830.4525,5429052.96575,276.919159,13.0,False,False,False,True,False,False,False,False,False,False,False
FagSyl_BR01_P25T2,ULS,2019-09-12,1.95,28.469,11.146,leaf-on,84.194,70.533,49.014136,8.683155,476831.70275,5429075.587,274.080292,44.6,False,False,False,True,False,False,False,False,False,False,False
FagSyl_BR01_P25T3,ULS,2019-09-12,7.45,28.876,10.259,leaf-on,81.099,71.95,49.014055,8.683062,476824.91175,5429066.61025,274.178101,42.5,False,False,False,True,False,False,False,False,False,False,False
FagSyl_BR01_P25T9,ULS,2019-09-12,1.95,10.607,7.303,leaf-on,38.727,32.531,49.013927,8.683219,476836.32325,5429052.3525,277.651184,12.5,False,False,False,True,False,False,False,False,False,False,False
FagSyl_BR01_P4T11,ULS,2019-09-12,7.35,28.976,11.119,leaf-on,87.143,77.137,49.013449,8.682323,476770.5485,5428999.494,270.194031,41.5,False,False,False,True,False,False,False,False,False,False,False
FagSyl_BR01_P4T12,ULS,2019-09-12,6.05,28.978,10.833,leaf-on,81.509,69.045,49.013496,8.682299,476768.845487,5429004.720947,269.003815,35.1,False,False,False,True,False,False,False,False,False,False,False
FagSyl_BR01_P4T14,ULS,2019-09-12,0.95,26.163,10.142,leaf-on,71.498,61.804,49.013406,8.682457,476780.36634,5428994.67418,274.419189,31.4,False,False,False,True,False,False,False,False,False,False,False
FagSyl_BR01_P4T7,ULS,2019-09-12,2.95,26.195,10.502,leaf-on,78.249,62.631,49.013449,8.682444,476779.416748,5428999.448242,273.597,33.3,False,False,False,True,False,False,False,False,False,False,False
FagSyl_BR01_P4T8,ULS,2019-09-12,2.15,26.922,8.088,leaf-on,50.322,41.943,49.013419,8.682508,476784.06675,5428996.104,275.068665,29.3,False,False,False,True,False,False,False,False,False,False,False
FagSyl_BR01_P4T9,ULS,2019-09-12,4.45,29.389,9.917,leaf-on,73.844,63.62,49.013403,8.682337,476771.548443,5428994.378989,271.697144,38.9,False,False,False,True,False,False,False,False,False,False,False
FagSyl_BR01_P5T19,ULS,2019-09-12,6.75,29.558,11.499,leaf-on,99.563,81.775,49.013394,8.682508,476784.0435,5428993.23425,275.504852,49.4,False,False,False,True,False,False,False,False,False,False,False
FagSyl_BR01_P5T3,ULS,2019-09-12,1.95,29.648,8.785,leaf-on,58.754,54.185,49.013448,8.682657,476795.0055,5428999.227,277.089539,37.2,False,False,False,True,False,False,False,False,False,False,False
FagSyl_BR01_P5T4,ULS,2019-09-12,1.35,30.891,10.006,leaf-on,73.674,65.245,49.013434,8.682752,476801.903,5428997.66725,278.205872,47.5,False,False,False,True,False,False,False,False,False,False,False
FagSyl_BR01_P5T7,ULS,2019-09-12,1.95,31.904,11.788,leaf-on,100.953,88.316,49.013404,8.68258,476789.33125,5428994.38975,276.366699,47.9,False,False,False,True,False,False,False,False,False,False,False
FagSyl_BR01_P5T9,ULS,2019-09-12,11.75,30.689,13.1,leaf-on,126.654,106.725,49.013359,8.68268,476796.63025,5428989.3665,278.016876,50.6,False,False,False,True,False,False,False,False,False,False,False
FagSyl_BR01_P6T1,ULS,2019-09-12,2.35,27.378,12.221,leaf-on,109.353,97.182,49.013864,8.681863,476737.1465,5429045.72275,258.322235,51.3,False,False,False,True,False,False,False,False,False,False,False
FagSyl_BR01_P6T2,ULS,2019-09-12,1.75,25.222,12.165,leaf-on,108.015,91.524,49.013879,8.681787,476731.589858,5429047.461317,257.058411,42.4,False,False,False,True,False,False,False,False,False,False,False
FagSyl_BR01_P6T3,ULS,2019-09-12,4.35,26.15,12.461,leaf-on,114.566,104.437,49.013818,8.681797,476732.30825,5429040.6395,257.974182,44.3,False,False,False,True,False,False,False,False,False,False,False
FagSyl_BR01_P6T6,ULS,2019-09-12,5.35,24.35,11.529,leaf-on,97.438,85.37,49.013781,8.681842,476735.55825,5429036.48675,259.025513,42.9,False,False,False,True,False,False,False,False,False,False,False
FagSyl_BR01_P7T15,ULS,2019-09-12,2.15,22.428,12.263,leaf-on,106.086,86.926,49.013752,8.682133,476756.8175,5429033.20275,263.051239,33.6,False,False,False,True,False,False,False,False,False,False,False
FagSyl_BR01_P7T2,ULS,2019-09-12,2.25,30.872,11.722,leaf-on,98.348,89.566,49.013818,8.682089,476753.6015,5429040.54775,261.684937,50.1,False,False,False,True,False,False,False,False,False,False,False
FagSyl_BR01_P7T29,ULS,2019-09-12,1.35,15.432,6.858,leaf-on,36.174,30.934,49.013817,8.681894,476739.396281,5429040.489688,259.315796,12.6,False,False,False,True,False,False,False,False,False,False,False
FagSyl_BR01_P7T33,ULS,2019-09-12,4.75,14.156,6.379,leaf-on,26.479,19.488,49.01374,8.682063,476751.6825,5429031.83975,262.279449,11.8,False,False,False,True,False,False,False,False,False,False,False
FagSyl_BR01_P8T10,ULS,2019-09-12,3.25,29.423,10.535,leaf-on,83.136,73.665,49.013815,8.682392,476775.76625,5429040.0865,266.27066,47.7,False,False,False,True,False,False,False,False,False,False,False
FagSyl_BR01_P8T11,ULS,2019-09-12,1.45,28.262,7.827,leaf-on,49.831,44.326,49.013749,8.682409,476777.0235,5429032.82225,267.86496,28.9,False,False,False,True,False,False,False,False,False,False,False
FagSyl_BR01_P8T12,ULS,2019-09-12,1.35,31.96,9.086,leaf-on,57.291,50.683,49.013776,8.682412,476777.21925,5429035.798,267.302826,37.7,False,False,False,True,False,False,False,False,False,False,False
FagSyl_BR01_P8T13,ULS,2019-09-12,0.0,27.36,9.552,leaf-on,63.61,57.349,49.013734,8.682457,476780.4815,5429031.091,269.382812,34.3,False,False,False,True,False,False,False,False,False,False,False
FagSyl_BR01_P8T5,ULS,2019-09-12,2.05,28.294,10.463,leaf-on,77.655,66.248,49.013689,8.682334,476771.4835,5429026.1485,266.906952,35.2,False,False,False,True,False,False,False,False,False,False,False
FagSyl_BR01_P8T6,ULS,2019-09-12,2.85,20.017,7.855,leaf-on,42.781,35.645,49.013682,8.682415,476777.4285,5429025.298,269.222992,22.8,False,False,False,True,False,False,False,False,False,False,False
FagSyl_BR01_P8T7,ULS,2019-09-12,1.85,22.261,8.219,leaf-on,47.844,42.219,49.013624,8.682354,476772.90325,5429018.8895,268.295105,20.2,False,False,False,True,False,False,False,False,False,False,False
FagSyl_BR01_P8T8,ULS,2019-09-12,7.15,31.784,12.42,leaf-on,118.526,105.214,49.013754,8.68228,476767.59525,5429033.37875,265.096039,61.7,False,False,False,True,False,False,False,False,False,False,False
FagSyl_BR01_P8T9,ULS,2019-09-12,4.35,29.494,10.243,leaf-on,76.862,63.766,49.013768,8.682356,476773.148,5429034.866,266.143341,39.1,False,False,False,True,False,False,False,False,False,False,False
LarDec_BR01_P18T1,ULS,2019-09-12,10.55,31.024,8.752,leaf-on,51.95,39.814,49.014042,8.682481,476782.378,5429065.30125,264.664795,44.5,False,False,False,False,True,False,False,False,False,False,False
LarDec_BR01_P18T17,ULS,2019-09-12,3.85,34.868,8.073,leaf-on,42.32,35.536,49.013866,8.682596,476790.7295,5429045.68875,269.522522,42.2,False,False,False,False,True,False,False,False,False,False,False
LarDec_BR01_P19T3,ULS,2019-09-12,2.35,33.739,8.422,leaf-on,47.162,41.835,49.01396,8.682631,476793.313,5429056.11975,267.96637,49.0,False,False,False,False,True,False,False,False,False,False,False
LarDec_BR01_P19T4,ULS,2019-09-12,4.75,34.243,6.429,leaf-on,30.611,24.533,49.01401,8.682728,476800.47525,5429061.74175,268.428253,39.0,False,False,False,False,True,False,False,False,False,False,False
LarDec_BR01_P22T4,ULS,2019-09-12,3.25,29.82,7.394,leaf-on,39.716,33.462,49.014361,8.682393,476776.15275,5429100.76625,258.514069,38.2,False,False,False,False,True,False,False,False,False,False,False
LarDec_BR01_P23T01,ULS,2019-09-12,3.35,34.558,7.758,leaf-on,40.968,33.886,49.0141,8.682688,476797.551,5429071.76825,266.024536,48.3,False,False,False,False,True,False,False,False,False,False,False
PicAbi_BR01_P11T10,ULS,2019-09-12,1.95,18.241,5.135,leaf-on,19.826,17.57,49.014022,8.681819,476734.00425,5429063.3385,255.946335,19.0,False,False,False,False,False,True,False,False,False,False,False
PicAbi_BR01_P11T15,ULS,2019-09-12,2.25,15.091,3.898,leaf-on,11.229,9.336,49.013994,8.681916,476741.0645,5429060.1395,257.382385,11.5,False,False,False,False,False,True,False,False,False,False,False
PicAbi_BR01_P11T17,ULS,2019-09-12,2.15,11.469,4.903,leaf-on,17.199,13.87,49.01397,8.681928,476741.90275,5429057.463,257.818604,15.9,False,False,False,False,False,True,False,False,False,False,False
PicAbi_BR01_P11T18,ULS,2019-09-12,1.95,19.082,5.5,leaf-on,24.051,21.644,49.013987,8.681943,476743.05325,5429059.4,257.849426,26.5,False,False,False,False,False,True,False,False,False,False,False
PicAbi_BR01_P11T19,ULS,2019-09-12,3.05,15.162,4.985,leaf-on,18.76,16.771,49.013958,8.681967,476744.77,5429056.11275,258.523621,16.8,False,False,False,False,False,True,False,False,False,False,False
PicAbi_BR01_P11T20,ULS,2019-09-12,1.85,18.517,4.877,leaf-on,18.326,16.719,49.013975,8.681983,476745.94275,5429058.007,258.50885,18.9,False,False,False,False,False,True,False,False,False,False,False
PicAbi_BR01_P11T21,ULS,2019-09-12,1.55,14.624,4.522,leaf-on,15.279,14.338,49.013945,8.682011,476748.00375,5429054.7245,259.267975,14.3,False,False,False,False,False,True,False,False,False,False,False
PicAbi_BR01_P11T22,ULS,2019-09-12,1.55,16.733,4.895,leaf-on,17.865,15.618,49.013962,8.682015,476748.272,5429056.601,259.174225,15.9,False,False,False,False,False,True,False,False,False,False,False
PicAbi_BR01_P11T25,ULS,2019-09-12,0.95,17.669,4.586,leaf-on,14.64,13.093,49.014018,8.681951,476743.627,5429062.85275,257.552002,16.2,False,False,False,False,False,True,False,False,False,False,False
PicAbi_BR01_P11T26,ULS,2019-09-12,1.65,16.38,4.554,leaf-on,14.639,12.539,49.014021,8.681932,476742.2375,5429063.19925,257.241028,13.2,False,False,False,False,False,True,False,False,False,False,False
PicAbi_BR01_P11T27,ULS,2019-09-12,2.35,17.961,4.959,leaf-on,16.841,13.931,49.01403,8.681908,476740.51725,5429064.1965,256.856476,19.0,False,False,False,False,False,True,False,False,False,False,False
PicAbi_BR01_P11T29,ULS,2019-09-12,2.35,16.645,4.604,leaf-on,15.686,14.179,49.014026,8.681976,476745.4725,5429063.6745,257.889832,14.3,False,False,False,False,False,True,False,False,False,False,False
PicAbi_BR01_P11T30,ULS,2019-09-12,1.25,18.378,5.66,leaf-on,22.997,19.068,49.014012,8.682023,476748.898382,5429062.093029,258.763794,19.6,False,False,False,False,False,True,False,False,False,False,False
PicAbi_BR01_P11T31,ULS,2019-09-12,1.75,18.962,5.542,leaf-on,24.321,20.463,49.013989,8.682014,476748.26275,5429059.61925,258.909912,22.4,False,False,False,False,False,True,False,False,False,False,False
PicAbi_BR01_P11T32,ULS,2019-09-12,2.65,18.734,5.764,leaf-on,24.434,20.98,49.013969,8.682048,476750.739,5429057.29575,259.443359,16.8,False,False,False,False,False,True,False,False,False,False,False
PicAbi_BR01_P11T33,ULS,2019-09-12,2.05,18.257,5.152,leaf-on,20.839,18.013,49.014044,8.681978,476745.644,5429065.738,257.687042,21.8,False,False,False,False,False,True,False,False,False,False,False
PicAbi_BR01_P11T35,ULS,2019-09-12,1.55,17.06,4.875,leaf-on,17.782,14.95,49.014067,8.681854,476736.55,5429068.3225,255.778885,15.9,False,False,False,False,False,True,False,False,False,False,False
PicAbi_BR01_P11T36,ULS,2019-09-12,1.15,15.374,4.67,leaf-on,15.435,12.585,49.014055,8.681889,476739.1205,5429066.99575,256.300171,14.7,False,False,False,False,False,True,False,False,False,False,False
PicAbi_BR01_P11T38,ULS,2019-09-12,1.35,16.642,4.081,leaf-on,11.881,10.855,49.014051,8.681906,476740.4,5429066.479248,256.79,13.3,False,False,False,False,False,True,False,False,False,False,False
PicAbi_BR01_P11T42,ULS,2019-09-12,2.35,18.065,4.664,leaf-on,16.0,14.373,49.014092,8.681897,476739.7575,5429071.01625,256.054932,20.0,False,False,False,False,False,True,False,False,False,False,False
PicAbi_BR01_P11T43,ULS,2019-09-12,3.75,17.906,5.385,leaf-on,21.769,19.872,49.01411,8.681896,476739.66975,5429073.05525,255.782791,18.2,False,False,False,False,False,True,False,False,False,False,False
PicAbi_BR01_P11T45,ULS,2019-09-12,3.75,17.525,4.613,leaf-on,15.829,14.14,49.014119,8.681929,476742.05375,5429074.0485,256.136902,18.5,False,False,False,False,False,True,False,False,False,False,False
PicAbi_BR01_P11T47,ULS,2019-09-12,2.85,15.829,4.405,leaf-on,12.427,10.977,49.014078,8.681933,476742.3145,5429069.54075,256.631775,12.8,False,False,False,False,False,True,False,False,False,False,False
PicAbi_BR01_P11T48,ULS,2019-09-12,2.55,14.896,4.781,leaf-on,15.699,14.583,49.014066,8.681961,476744.40625,5429068.12625,257.244873,11.3,False,False,False,False,False,True,False,False,False,False,False
PicAbi_BR01_P11T49,ULS,2019-09-12,0.85,19.703,5.915,leaf-on,25.068,22.525,49.014084,8.681965,476744.69275,5429070.1955,257.058075,25.0,False,False,False,False,False,True,False,False,False,False,False
PicAbi_BR01_P11T50,ULS,2019-09-12,3.05,18.523,5.009,leaf-on,17.376,15.174,49.014097,8.681929,476742.041,5429071.57425,256.407593,18.6,False,False,False,False,False,True,False,False,False,False,False
PicAbi_BR01_P11T51,ULS,2019-09-12,2.25,18.933,5.371,leaf-on,21.511,19.545,49.014071,8.681899,476739.87325,5429068.71275,256.325958,20.5,False,False,False,False,False,True,False,False,False,False,False
PicAbi_BR01_P11T53,ULS,2019-09-12,0.65,18.71,5.158,leaf-on,19.322,16.416,49.014011,8.681863,476737.17525,5429062.10525,256.491913,21.5,False,False,False,False,False,True,False,False,False,False,False
PicAbi_BR01_P11T54,ULS,2019-09-12,1.85,17.139,5.247,leaf-on,20.232,17.586,49.014055,8.681839,476735.442,5429067.00825,255.733154,16.6,False,False,False,False,False,True,False,False,False,False,False
PicAbi_BR01_P11T60,ULS,2019-09-12,1.25,18.651,5.47,leaf-on,21.87,19.689,49.014055,8.682003,476747.489,5429066.888,257.966827,21.9,False,False,False,False,False,True,False,False,False,False,False
PicAbi_BR01_P11T61,ULS,2019-09-12,2.05,18.348,4.582,leaf-on,15.808,12.892,49.014071,8.682017,476748.50275,5429068.684,258.072479,21.2,False,False,False,False,False,True,False,False,False,False,False
PicAbi_BR01_P11T62,ULS,2019-09-12,1.75,18.045,6.177,leaf-on,27.303,23.656,49.014087,8.682009,476747.89625,5429070.42975,257.751373,23.6,False,False,False,False,False,True,False,False,False,False,False
PicAbi_BR01_P11T63,ULS,2019-09-12,2.45,16.535,4.63,leaf-on,16.783,15.663,49.01411,8.681991,476746.602,5429073.0205,257.169983,15.5,False,False,False,False,False,True,False,False,False,False,False
PicAbi_BR01_P11T64,ULS,2019-09-12,2.35,17.744,5.199,leaf-on,21.37,18.977,49.014117,8.681975,476745.44425,5429073.853,256.849304,21.2,False,False,False,False,False,True,False,False,False,False,False
PicAbi_BR01_P11T65,ULS,2019-09-12,2.15,16.126,5.417,leaf-on,20.458,17.617,49.014115,8.682029,476749.395,5429073.5735,257.718842,20.9,False,False,False,False,False,True,False,False,False,False,False
PicAbi_BR01_P11T66,ULS,2019-09-12,2.15,18.281,5.933,leaf-on,25.417,23.322,49.014129,8.681934,476742.43925,5429075.18825,256.127014,21.2,False,False,False,False,False,True,False,False,False,False,False
PicAbi_BR01_P11T68,ULS,2019-09-12,2.45,17.038,4.907,leaf-on,16.764,14.229,49.014147,8.681919,476741.33525,5429077.21275,255.727859,17.9,False,False,False,False,False,True,False,False,False,False,False
PicAbi_BR01_P11T77,ULS,2019-09-12,2.75,16.986,5.887,leaf-on,25.388,23.17,49.014168,8.681916,476741.17,5429079.458,255.370941,11.4,False,False,False,False,False,True,False,False,False,False,False
PicAbi_BR01_P11T78,ULS,2019-09-12,3.15,18.152,5.339,leaf-on,18.542,16.115,49.014159,8.681952,476743.80775,5429078.50625,256.011505,19.0,False,False,False,False,False,True,False,False,False,False,False
PicAbi_BR01_P11T79,ULS,2019-09-12,3.75,19.168,5.448,leaf-on,20.95,19.368,49.014131,8.68199,476746.5355,5429075.37075,256.858154,22.4,False,False,False,False,False,True,False,False,False,False,False
PicAbi_BR01_P11T9,ULS,2019-09-12,2.45,16.183,4.573,leaf-on,14.943,13.901,49.014014,8.681806,476733.0185,5429062.39325,255.83313,17.5,False,False,False,False,False,True,False,False,False,False,False
PicAbi_BR01_P12T01,ULS,2019-09-12,1.35,15.823,4.256,leaf-on,12.833,10.861,49.01386,8.682216,476762.97825,5429045.212,262.949615,14.3,False,False,False,False,False,True,False,False,False,False,False
PicAbi_BR01_P12T03,ULS,2019-09-12,2.25,15.453,5.298,leaf-on,19.205,18.135,49.01389,8.682234,476764.2395,5429048.5495,262.872345,15.9,False,False,False,False,False,True,False,False,False,False,False
PicAbi_BR01_P12T06a,ULS,2019-09-12,0.85,3.433,2.351,leaf-on,4.005,2.862,49.013844,8.682274,476767.16223,5429043.37146,264.096,5.4,False,False,False,False,False,True,False,False,False,False,False
PicAbi_BR01_P12T08,ULS,2019-09-12,2.05,16.418,6.133,leaf-on,25.643,20.981,49.01392,8.682249,476765.37575,5429051.855,262.824097,18.1,False,False,False,False,False,True,False,False,False,False,False
PicAbi_BR01_P12T09,ULS,2019-09-12,1.95,13.472,5.509,leaf-on,21.951,18.82,49.013931,8.682276,476767.3385,5429053.0235,263.218719,15.3,False,False,False,False,False,True,False,False,False,False,False
PicAbi_BR01_P12T12,ULS,2019-09-12,2.35,15.31,5.028,leaf-on,17.776,16.387,49.013947,8.682238,476764.56825,5429054.89125,262.469879,17.6,False,False,False,False,False,True,False,False,False,False,False
PicAbi_BR01_P12T13,ULS,2019-09-12,2.55,13.723,5.406,leaf-on,19.611,17.494,49.013961,8.682232,476764.18875,5429056.38325,262.261169,15.7,False,False,False,False,False,True,False,False,False,False,False
PicAbi_BR01_P12T14,ULS,2019-09-12,0.75,15.179,5.05,leaf-on,18.905,16.476,49.013952,8.682201,476761.8565,5429055.44725,261.938934,16.3,False,False,False,False,False,True,False,False,False,False,False
PicAbi_BR01_P12T18,ULS,2019-09-12,1.75,16.818,5.129,leaf-on,19.006,16.829,49.013926,8.682126,476756.37125,5429052.5705,261.149841,18.9,False,False,False,False,False,True,False,False,False,False,False
PicAbi_BR01_P12T19,ULS,2019-09-12,0.95,18.891,5.215,leaf-on,19.707,17.908,49.013948,8.682113,476755.4645,5429055.02625,260.664307,20.5,False,False,False,False,False,True,False,False,False,False,False
PicAbi_BR01_P12T22,ULS,2019-09-12,0.85,9.536,3.609,leaf-on,8.543,7.809,49.013992,8.682084,476753.3315,5429059.8375,259.794952,9.5,False,False,False,False,False,True,False,False,False,False,False
PicAbi_BR01_P12T23,ULS,2019-09-12,1.65,9.12,3.879,leaf-on,10.439,8.85,49.013972,8.682081,476753.14375,5429057.71775,259.963135,9.0,False,False,False,False,False,True,False,False,False,False,False
PicAbi_BR01_P12T24,ULS,2019-09-12,2.35,14.976,4.528,leaf-on,15.144,12.385,49.013944,8.682175,476759.9785,5429054.4985,261.632935,16.9,False,False,False,False,False,True,False,False,False,False,False
PicAbi_BR01_P12T25,ULS,2019-09-12,2.05,15.894,4.711,leaf-on,15.677,13.248,49.01395,8.682157,476758.68425,5429055.236,261.299866,14.4,False,False,False,False,False,True,False,False,False,False,False
PicAbi_BR01_P12T27,ULS,2019-09-12,1.55,16.805,5.265,leaf-on,19.841,16.634,49.013964,8.682171,476759.735667,5429056.714667,261.394348,19.4,False,False,False,False,False,True,False,False,False,False,False
PicAbi_BR01_P12T29,ULS,2019-09-12,1.65,12.156,4.519,leaf-on,14.122,11.413,49.013913,8.682103,476754.69475,5429051.10875,260.891968,13.0,False,False,False,False,False,True,False,False,False,False,False
PicAbi_BR01_P12T31,ULS,2019-09-12,1.85,11.394,4.193,leaf-on,12.81,11.636,49.01398,8.682194,476761.38475,5429058.56225,261.568634,10.6,False,False,False,False,False,True,False,False,False,False,False
PicAbi_BR01_P12T34,ULS,2019-09-12,2.25,10.536,4.153,leaf-on,13.088,11.699,49.013872,8.682241,476764.77475,5429046.45875,263.189697,9.6,False,False,False,False,False,True,False,False,False,False,False
PicAbi_BR01_P12T35a,ULS,2019-09-12,1.55,4.785,3.2,leaf-on,7.67,5.399,49.01387,8.68226,476766.1375,5429046.27225,263.389099,5.6,False,False,False,False,False,True,False,False,False,False,False
PicAbi_BR01_P16T11,ULS,2019-09-12,1.25,6.352,3.873,leaf-on,10.998,7.126,49.014236,8.682161,476759.11825,5429087.02275,257.82486,13.0,False,False,False,False,False,True,False,False,False,False,False
PicAbi_BR01_P16T13,ULS,2019-09-12,2.55,17.057,5.024,leaf-on,17.626,15.176,49.014193,8.682095,476754.232,5429082.238,257.483398,18.1,False,False,False,False,False,True,False,False,False,False,False
PicAbi_BR01_P16T14,ULS,2019-09-12,2.75,16.072,4.927,leaf-on,17.045,14.588,49.014184,8.682079,476753.102,5429081.2875,257.370789,16.3,False,False,False,False,False,True,False,False,False,False,False
PicAbi_BR01_P16T15,ULS,2019-09-12,2.95,15.812,6.161,leaf-on,30.286,25.56,49.014213,8.682069,476752.35525,5429084.5165,256.81308,15.0,False,False,False,False,False,True,False,False,False,False,False
PicAbi_BR01_P16T16,ULS,2019-09-12,2.15,17.104,4.887,leaf-on,16.812,15.16,49.014193,8.682056,476751.401733,5429082.23575,257.0225,17.8,False,False,False,False,False,True,False,False,False,False,False
PicAbi_BR01_P16T17,ULS,2019-09-12,1.45,17.237,6.518,leaf-on,30.183,25.691,49.014269,8.682092,476754.07375,5429090.6755,256.196259,19.4,False,False,False,False,False,True,False,False,False,False,False
PicAbi_BR01_P16T19,ULS,2019-09-12,2.15,17.943,5.909,leaf-on,24.895,22.5,49.014162,8.682038,476750.032,5429078.848,257.055634,18.6,False,False,False,False,False,True,False,False,False,False,False
PicAbi_BR01_P16T20,ULS,2019-09-12,3.45,17.796,4.294,leaf-on,13.827,12.072,49.014185,8.682019,476748.712,5429081.3655,256.470215,16.1,False,False,False,False,False,True,False,False,False,False,False
PicAbi_BR01_P16T22,ULS,2019-09-12,3.55,16.578,3.498,leaf-on,9.881,8.882,49.014201,8.682023,476748.99625,5429083.16325,256.386078,17.6,False,False,False,False,False,True,False,False,False,False,False
PicAbi_BR01_P16T3,ULS,2019-09-12,2.75,15.251,5.339,leaf-on,20.093,18.222,49.014188,8.682117,476755.87275,5429081.6745,257.989319,14.9,False,False,False,False,False,True,False,False,False,False,False
PicAbi_BR01_P16T4,ULS,2019-09-12,2.05,18.78,5.875,leaf-on,23.04,20.53,49.014223,8.682051,476751.0275,5429085.60875,256.337799,23.1,False,False,False,False,False,True,False,False,False,False,False
PicAbi_BR01_P16T5,ULS,2019-09-12,2.15,19.081,6.135,leaf-on,26.612,24.04,49.014259,8.682051,476751.0925,5429089.53875,255.746429,22.8,False,False,False,False,False,True,False,False,False,False,False
PicAbi_BR01_P16T6,ULS,2019-09-12,2.65,19.924,6.24,leaf-on,29.212,25.722,49.01422,8.682111,476755.42975,5429085.1815,257.428253,23.8,False,False,False,False,False,True,False,False,False,False,False
PicAbi_BR01_P16T7,ULS,2019-09-12,1.65,20.266,6.185,leaf-on,27.306,23.67,49.014247,8.682096,476754.37025,5429088.2605,256.625854,25.5,False,False,False,False,False,True,False,False,False,False,False
PicAbi_BR01_P16T8,ULS,2019-09-12,1.85,19.87,5.664,leaf-on,23.142,20.485,49.014241,8.682117,476755.85775,5429087.55225,257.178131,22.4,False,False,False,False,False,True,False,False,False,False,False
PicAbi_BR01_P17T11,ULS,2019-09-12,1.75,17.742,5.726,leaf-on,22.271,19.89,49.014221,8.68219,476761.191,5429085.2615,258.443787,22.3,False,False,False,False,False,True,False,False,False,False,False
PicAbi_BR01_P17T12,ULS,2019-09-12,2.05,14.322,4.779,leaf-on,16.95,14.685,49.013993,8.682191,476761.17825,5429060.01175,261.371246,15.8,False,False,False,False,False,True,False,False,False,False,False
PicAbi_BR01_P17T13,ULS,2019-09-12,1.45,16.29,4.975,leaf-on,17.193,15.146,49.014153,8.682119,476755.96225,5429077.73575,258.613098,17.9,False,False,False,False,False,True,False,False,False,False,False
PicAbi_BR01_P17T14,ULS,2019-09-12,1.25,12.458,3.156,leaf-on,7.18,5.87,49.014109,8.682097,476754.3295,5429072.8505,258.910553,16.1,False,False,False,False,False,True,False,False,False,False,False
PicAbi_BR01_P17T15,ULS,2019-09-12,3.25,10.644,4.139,leaf-on,10.492,8.268,49.014078,8.682046,476750.59975,5429069.43625,258.368927,11.2,False,False,False,False,False,True,False,False,False,False,False
PicAbi_BR01_P17T17,ULS,2019-09-12,1.65,14.396,4.687,leaf-on,15.052,13.479,49.014023,8.682245,476765.14525,5429063.28875,261.962433,9.7,False,False,False,False,False,True,False,False,False,False,False
PicAbi_BR01_P17T18,ULS,2019-09-12,1.75,9.93,5.168,leaf-on,20.19,16.582,49.014046,8.682242,476764.9105,5429065.83075,261.751099,10.0,False,False,False,False,False,True,False,False,False,False,False
PicAbi_BR01_P17T19,ULS,2019-09-12,2.05,13.474,5.307,leaf-on,19.898,17.496,49.014187,8.682211,476762.738,5429081.47675,259.420593,19.2,False,False,False,False,False,True,False,False,False,False,False
PicAbi_BR01_P17T21,ULS,2019-09-12,1.35,16.073,4.581,leaf-on,16.098,13.909,49.014213,8.68221,476762.686625,5429084.407708,258.985718,17.3,False,False,False,False,False,True,False,False,False,False,False
PicAbi_BR01_P17T22,ULS,2019-09-12,1.15,12.903,6.015,leaf-on,26.784,21.804,49.014205,8.682248,476765.42825,5429083.5415,259.819641,16.1,False,False,False,False,False,True,False,False,False,False,False
PicAbi_BR01_P17T23,ULS,2019-09-12,2.05,15.964,5.01,leaf-on,16.962,14.403,49.014162,8.68214,476757.54925,5429078.79875,258.714661,16.2,False,False,False,False,False,True,False,False,False,False,False
PicAbi_BR01_P17T24,ULS,2019-09-12,1.95,15.585,4.955,leaf-on,19.22,17.99,49.01417,8.682109,476755.295,5429079.7015,258.224426,18.1,False,False,False,False,False,True,False,False,False,False,False
PicAbi_BR01_P17T25,ULS,2019-09-12,2.55,16.452,4.844,leaf-on,17.519,15.804,49.014178,8.682141,476757.61825,5429080.606,258.469879,16.7,False,False,False,False,False,True,False,False,False,False,False
PicAbi_BR01_P17T27,ULS,2019-09-12,1.95,16.88,4.839,leaf-on,16.344,13.569,49.014195,8.682136,476757.2535,5429082.4005,258.149353,14.6,False,False,False,False,False,True,False,False,False,False,False
PicAbi_BR01_P17T3,ULS,2019-09-12,0.25,9.897,4.004,leaf-on,11.879,8.881,49.014134,8.682165,476759.369964,5429075.694839,259.762268,15.8,False,False,False,False,False,True,False,False,False,False,False
PicAbi_BR01_P17T34,ULS,2019-09-12,1.85,9.741,5.33,leaf-on,19.193,15.336,49.014034,8.682213,476762.8287,5429064.48335,261.521118,7.9,False,False,False,False,False,True,False,False,False,False,False
PicAbi_BR01_P17T6,ULS,2019-09-12,1.25,15.769,5.926,leaf-on,25.791,23.382,49.014015,8.682225,476763.6645,5429062.4225,261.77417,19.0,False,False,False,False,False,True,False,False,False,False,False
PicAbi_BR01_P17T7,ULS,2019-09-12,2.05,10.301,3.769,leaf-on,9.685,7.643,49.01405,8.682127,476756.49675,5429066.37775,260.024109,12.0,False,False,False,False,False,True,False,False,False,False,False
PicAbi_BR01_P17T8,ULS,2019-09-12,4.75,10.061,3.332,leaf-on,7.485,5.44,49.014035,8.682105,476754.9335,5429064.61625,259.758179,12.5,False,False,False,False,False,True,False,False,False,False,False
PicAbi_BR01_P18T30,ULS,2019-09-12,1.95,18.065,5.698,leaf-on,24.958,20.63,49.013961,8.682291,476768.454,5429056.38975,263.107361,18.3,False,False,False,False,False,True,False,False,False,False,False
PicAbi_BR01_P20T1,ULS,2019-09-12,1.95,33.229,10.185,leaf-on,70.031,54.461,49.013864,8.683021,476821.8035,5429045.393,276.353516,51.8,False,False,False,False,False,True,False,False,False,False,False
PicAbi_BR01_P21T34,ULS,2019-09-12,1.85,16.882,4.191,leaf-on,13.372,11.759,49.01428,8.682054,476751.27425,5429091.9065,255.531113,22.0,False,False,False,False,False,True,False,False,False,False,False
PicAbi_BR01_P6T12,ULS,2019-09-12,2.25,17.719,6.096,leaf-on,24.845,21.971,49.014,8.681791,476731.9395,5429060.89975,255.737503,19.0,False,False,False,False,False,True,False,False,False,False,False
PicAbi_BR01_P6T14,ULS,2019-09-12,1.45,18.816,6.122,leaf-on,26.573,23.553,49.01397,8.681827,476734.5485,5429057.53675,256.442505,24.7,False,False,False,False,False,True,False,False,False,False,False
PicAbi_BR01_P6T15,ULS,2019-09-12,1.55,16.344,4.92,leaf-on,18.114,13.941,49.013955,8.681818,476733.85025,5429055.82375,256.461639,17.8,False,False,False,False,False,True,False,False,False,False,False
PicAbi_BR01_P6T18,ULS,2019-09-12,2.05,14.179,4.994,leaf-on,17.852,14.412,49.013927,8.681899,476739.813464,5429052.772536,257.882507,14.2,False,False,False,False,False,True,False,False,False,False,False
PicAbi_BR01_P6T20,ULS,2019-09-12,2.25,17.797,4.865,leaf-on,17.786,14.246,49.013993,8.681861,476737.01275,5429060.03475,256.586609,19.8,False,False,False,False,False,True,False,False,False,False,False
PicAbi_BR01_P6T21,ULS,2019-09-12,1.85,16.976,5.56,leaf-on,22.896,21.713,49.013952,8.681899,476739.7845,5429055.54775,257.598999,15.4,False,False,False,False,False,True,False,False,False,False,False
PicAbi_BR01_P6T26,ULS,2019-09-12,1.65,11.402,4.053,leaf-on,11.175,9.346,49.013978,8.681855,476736.62975,5429058.362,256.668884,7.7,False,False,False,False,False,True,False,False,False,False,False
PicAbi_BR01_P7T16,ULS,2019-09-12,1.45,16.977,5.472,leaf-on,21.396,18.381,49.01389,8.682068,476752.15875,5429048.5965,260.717255,17.9,False,False,False,False,False,True,False,False,False,False,False
PicAbi_BR01_P7T18,ULS,2019-09-12,2.15,21.036,6.819,leaf-on,34.317,31.856,49.013922,8.682082,476753.1815,5429052.1155,260.489655,24.9,False,False,False,False,False,True,False,False,False,False,False
PicAbi_BR01_P7T19,ULS,2019-09-12,2.75,17.134,4.749,leaf-on,16.552,14.294,49.013933,8.682046,476750.5125,5429053.37675,259.874786,16.5,False,False,False,False,False,True,False,False,False,False,False
PicAbi_BR01_P7T22,ULS,2019-09-12,2.05,18.848,4.412,leaf-on,14.768,14.036,49.013908,8.68202,476748.598,5429050.585,259.731812,19.3,False,False,False,False,False,True,False,False,False,False,False
PicAbi_BR01_P7T23,ULS,2019-09-12,1.65,18.155,4.848,leaf-on,17.062,15.712,49.013924,8.682021,476748.73275,5429052.4005,259.571594,19.0,False,False,False,False,False,True,False,False,False,False,False
PicAbi_BR01_P7T26,ULS,2019-09-12,2.45,14.129,5.078,leaf-on,19.747,16.276,49.013843,8.682229,476763.91,5429043.27,263.247742,12.8,False,False,False,False,False,True,False,False,False,False,False
PicAbi_BR01_P7T27,ULS,2019-09-12,1.85,14.915,4.673,leaf-on,15.629,14.277,49.013851,8.682203,476761.9585,5429044.23375,262.833008,16.1,False,False,False,False,False,True,False,False,False,False,False
PicAbi_BR01_P7T31,ULS,2019-09-12,1.45,16.502,5.468,leaf-on,22.812,19.634,49.013887,8.682185,476760.66325,5429048.23375,262.309326,6.2,False,False,False,False,False,True,False,False,False,False,False
PicAbi_BR01_P7T6,ULS,2019-09-12,2.15,14.951,3.925,leaf-on,11.252,8.727,49.013881,8.682162,476759.011,5429047.56425,262.043488,16.2,False,False,False,False,False,True,False,False,False,False,False
PicAbi_BR01_P7T7,ULS,2019-09-12,1.85,15.903,6.05,leaf-on,25.141,20.797,49.013842,8.68218,476760.290527,5429043.146484,262.80925,20.8,False,False,False,False,False,True,False,False,False,False,False
PinSyl_BR01_P14T04,ULS,2019-09-12,2.75,32.822,7.393,leaf-on,39.729,34.186,49.013745,8.682792,476804.98175,5429032.21375,275.274597,51.9,False,False,False,False,False,False,True,False,False,False,False
PruAvi_BR01_P14T09,ULS,2019-09-12,2.15,15.634,7.671,leaf-on,42.181,33.6,49.01381,8.68263,476793.2215,5429039.48575,271.384064,16.0,False,False,False,False,False,False,False,True,False,False,False
PruAvi_BR01_P17T2,ULS,2019-09-12,1.65,17.376,7.335,leaf-on,42.794,35.217,49.014179,8.682294,476768.76675,5429080.64775,260.726593,20.3,False,False,False,False,False,False,False,True,False,False,False
PruAvi_BR01_P17T37,ULS,2019-09-12,3.15,14.065,5.495,leaf-on,22.349,19.357,49.014161,8.682427,476778.5165,5429078.533,262.588623,10.5,False,False,False,False,False,False,False,True,False,False,False
PruAvi_BR01_P18T19,ULS,2019-09-12,2.45,18.179,7.647,leaf-on,42.477,36.282,49.014085,8.682387,476775.57325,5429070.10475,263.08963,19.7,False,False,False,False,False,False,False,True,False,False,False
PruAvi_BR01_P18T20,ULS,2019-09-12,2.75,18.052,8.536,leaf-on,51.543,41.433,49.014113,8.682456,476780.577,5429073.1865,263.589355,21.3,False,False,False,False,False,False,False,True,False,False,False
PruAvi_BR01_P18T25,ULS,2019-09-12,1.35,14.081,4.972,leaf-on,18.311,16.444,49.014135,8.682432,476778.84375,5429075.6355,263.067566,11.3,False,False,False,False,False,False,False,True,False,False,False
PruAvi_BR01_P19T11,ULS,2019-09-12,2.25,9.294,5.135,leaf-on,19.037,15.705,49.013944,8.682871,476810.8628,5429054.33,273.004,8.3,False,False,False,False,False,False,False,True,False,False,False
PruAvi_BR01_P22T14,ULS,2019-09-12,5.95,16.066,6.833,leaf-on,32.732,30.165,49.014209,8.682467,476781.42275,5429083.9495,262.350281,16.2,False,False,False,False,False,False,False,True,False,False,False
PruAvi_BR01_P22T15,ULS,2019-09-12,1.45,17.652,7.496,leaf-on,41.244,38.932,49.014278,8.682439,476779.4325,5429091.56975,260.870331,18.3,False,False,False,False,False,False,False,True,False,False,False
PruAvi_BR01_P22T16,ULS,2019-09-12,1.95,8.704,4.08,leaf-on,11.508,9.989,49.014225,8.682503,476784.1215,5429085.66125,262.578705,4.7,False,False,False,False,False,False,False,True,False,False,False
PruAvi_BR01_P22T19,ULS,2019-09-12,3.25,15.563,4.528,leaf-on,16.028,13.364,49.014265,8.682394,476776.1345,5429090.13125,260.63208,14.8,False,False,False,False,False,False,False,True,False,False,False
PruAvi_BR01_P25T13,ULS,2019-09-12,2.15,16.064,6.599,leaf-on,29.571,26.808,49.014019,8.683251,476838.69175,5429062.56225,276.977386,17.9,False,False,False,False,False,False,False,True,False,False,False
PruAvi_BR01_P25T15,ULS,2019-09-12,2.45,13.382,5.442,leaf-on,20.64,18.497,49.013992,8.683266,476839.7555,5429059.47725,277.533691,15.4,False,False,False,False,False,False,False,True,False,False,False
PruAvi_BR01_P25T5,ULS,2019-09-12,2.45,15.752,7.333,leaf-on,37.921,34.53,49.013969,8.683236,476837.606,5429056.95225,277.353333,18.4,False,False,False,False,False,False,False,True,False,False,False
PruAvi_BR01_P6T4,ULS,2019-09-12,2.55,19.058,9.121,leaf-on,56.423,48.199,49.013925,8.681765,476730.0035,5429052.5385,256.166656,23.3,False,False,False,False,False,False,False,True,False,False,False
PruAvi_BR01_P7T8,ULS,2019-09-12,3.25,18.701,8.632,leaf-on,58.12,50.524,49.013796,8.682228,476763.75575,5429038.08125,263.806335,24.1,False,False,False,False,False,False,False,True,False,False,False
PseMen_BR01_P10T2,ULS,2019-09-12,2.15,34.466,8.397,leaf-on,51.781,42.909,49.01353,8.682739,476801.01525,5429008.3885,277.270844,52.2,False,False,False,False,False,False,False,False,True,False,False
PseMen_BR01_P10T3,ULS,2019-09-12,1.45,43.708,8.667,leaf-on,50.89,40.768,49.013566,8.682805,476805.87,5429012.32,277.550812,62.2,False,False,False,False,False,False,False,False,True,False,False
PseMen_BR01_P10T4,ULS,2019-09-12,1.85,36.508,11.346,leaf-on,93.213,81.097,49.013522,8.682864,476810.17875,5429007.37925,278.5849,60.4,False,False,False,False,False,False,False,False,True,False,False
PseMen_BR01_P10T5,ULS,2019-09-12,2.75,46.51,12.184,leaf-on,104.133,89.414,49.013497,8.682843,476808.6475,5429004.64375,278.7034,86.7,False,False,False,False,False,False,False,False,True,False,False
PseMen_BR01_P22T1,ULS,2019-09-12,2.15,35.757,7.87,leaf-on,46.077,35.762,49.014232,8.682394,476776.15275,5429086.50025,261.234528,56.3,False,False,False,False,False,False,False,False,True,False,False
PseMen_BR01_P22T7,ULS,2019-09-12,1.35,23.188,6.508,leaf-on,31.815,26.669,49.014241,8.682349,476772.8545,5429087.4975,260.597626,30.8,False,False,False,False,False,False,False,False,True,False,False
PseMen_BR01_P4T2,ULS,2019-09-12,1.45,37.693,5.96,leaf-on,23.9,21.407,49.013553,8.682403,476776.497,5429010.988,270.747009,51.6,False,False,False,False,False,False,False,False,True,False,False
PseMen_BR01_P4T3,ULS,2019-09-12,2.65,32.372,6.398,leaf-on,32.75,29.606,49.01352,8.682388,476775.39475,5429007.3635,270.779907,43.6,False,False,False,False,False,False,False,False,True,False,False
PseMen_BR01_P5T1,ULS,2019-09-12,2.85,40.634,7.901,leaf-on,49.329,42.212,49.01349,8.682533,476785.93475,5429003.93,274.453247,66.5,False,False,False,False,False,False,False,False,True,False,False
PseMen_BR01_P5T2,ULS,2019-09-12,2.45,38.264,7.919,leaf-on,49.052,43.354,49.013511,8.682656,476794.9685,5429006.24775,276.298615,56.9,False,False,False,False,False,False,False,False,True,False,False
PseMen_BR01_P7T1,ULS,2019-09-12,5.05,34.866,9.421,leaf-on,65.819,51.306,49.013708,8.682069,476752.08725,5429028.27975,262.758423,57.9,False,False,False,False,False,False,False,False,True,False,False
PseMen_BR01_P8T1,ULS,2019-09-12,1.75,38.975,10.42,leaf-on,80.318,63.102,49.013603,8.682329,476771.06175,5429016.62575,268.007538,62.0,False,False,False,False,False,False,False,False,True,False,False
PseMen_BR01_P8T2,ULS,2019-09-12,6.05,36.292,7.831,leaf-on,49.08,43.89,49.013647,8.682205,476762.07525,5429021.543,265.396698,53.5,False,False,False,False,False,False,False,False,True,False,False
PseMen_BR01_P8T3,ULS,2019-09-12,3.05,35.696,9.068,leaf-on,62.24,52.42,49.013709,8.682238,476764.511,5429028.3995,265.012115,55.9,False,False,False,False,False,False,False,False,True,False,False
PseMen_BR01_P8T4,ULS,2019-09-12,2.55,34.721,9.364,leaf-on,58.282,45.689,49.013676,8.68237,476774.09625,5429024.62375,268.060333,49.0,False,False,False,False,False,False,False,False,True,False,False
PseMen_BR01_P9T1,ULS,2019-09-12,5.25,34.981,8.784,leaf-on,52.641,43.195,49.013622,8.682437,476779.012,5429018.70325,270.767944,56.9,False,False,False,False,False,False,False,False,True,False,False
PseMen_BR01_P9T2,ULS,2019-09-12,1.45,41.205,8.912,leaf-on,59.056,49.404,49.013643,8.682553,476787.48975,5429021.003,272.878174,58.7,False,False,False,False,False,False,False,False,True,False,False
PseMen_BR01_P9T3,ULS,2019-09-12,1.75,36.343,7.031,leaf-on,37.603,32.28,49.013636,8.682733,476800.678,5429020.11375,275.894958,51.8,False,False,False,False,False,False,False,False,True,False,False
PseMen_BR01_P9T4,ULS,2019-09-12,2.65,36.872,7.004,leaf-on,35.884,32.294,49.013617,8.682496,476783.298,5429018.08325,272.184235,52.0,False,False,False,False,False,False,False,False,True,False,False
PseMen_BR01_P9T5,ULS,2019-09-12,5.65,41.117,12.199,leaf-on,112.963,100.014,49.013683,8.682501,476783.698,5429025.3895,271.294189,75.9,False,False,False,False,False,False,False,False,True,False,False
PseMen_BR01_P9T6,ULS,2019-09-12,2.75,40.928,11.094,leaf-on,93.508,78.706,49.013729,8.682532,476785.96525,5429030.47725,271.253296,67.5,False,False,False,False,False,False,False,False,True,False,False
QuePet_BR01_P11T1,ULS,2019-09-12,2.95,17.377,5.54,leaf-on,22.569,17.233,49.013926,8.68195,476743.5385,5429052.55025,258.697876,14.2,False,False,False,False,False,False,False,False,False,True,False
QuePet_BR01_P11T13,ULS,2019-09-12,6.45,18.085,5.022,leaf-on,17.067,14.58,49.01404,8.681829,476734.7365,5429065.26175,255.771942,15.1,False,False,False,False,False,False,False,False,False,True,False
QuePet_BR01_P11T23,ULS,2019-09-12,2.85,17.57,5.834,leaf-on,22.608,19.77,49.013979,8.682016,476748.40375,5429058.41325,259.010437,19.2,False,False,False,False,False,False,False,False,False,True,False
QuePet_BR01_P11T24,ULS,2019-09-12,3.45,16.982,5.451,leaf-on,20.461,18.805,49.013988,8.68199,476746.4485,5429059.4465,258.493317,16.5,False,False,False,False,False,False,False,False,False,True,False
QuePet_BR01_P11T28,ULS,2019-09-12,2.85,16.705,4.367,leaf-on,14.766,13.529,49.01403,8.681963,476744.53825,5429064.10025,257.624237,14.4,False,False,False,False,False,False,False,False,False,True,False
QuePet_BR01_P11T3,ULS,2019-09-12,3.85,18.244,4.499,leaf-on,13.191,12.47,49.013933,8.681992,476746.59775,5429053.3285,259.098145,11.1,False,False,False,False,False,False,False,False,False,True,False
QuePet_BR01_P11T37,ULS,2019-09-12,0.95,17.816,5.101,leaf-on,17.978,16.002,49.014047,8.681917,476741.18,5429066.02125,256.76474,14.4,False,False,False,False,False,False,False,False,False,True,False
QuePet_BR01_P11T4,ULS,2019-09-12,1.85,18.071,4.304,leaf-on,14.534,13.088,49.013944,8.681959,476744.18125,5429054.565,258.555084,16.4,False,False,False,False,False,False,False,False,False,True,False
QuePet_BR01_P11T46,ULS,2019-09-12,6.55,13.535,3.836,leaf-on,10.682,9.441,49.014065,8.681924,476741.65275,5429068.088,256.66925,11.0,False,False,False,False,False,False,False,False,False,True,False
QuePet_BR01_P11T5,ULS,2019-09-12,1.75,18.569,4.636,leaf-on,15.27,13.601,49.013956,8.681929,476742.00575,5429055.93475,257.953308,10.7,False,False,False,False,False,False,False,False,False,True,False
QuePet_BR01_P11T52,ULS,2019-09-12,8.05,16.601,4.068,leaf-on,11.374,9.812,49.014031,8.68186,476736.98075,5429064.2595,256.249207,12.0,False,False,False,False,False,False,False,False,False,True,False
QuePet_BR01_P11T6,ULS,2019-09-12,3.65,16.834,5.047,leaf-on,18.975,17.1,49.014002,8.681895,476739.50775,5429061.03275,257.013885,13.8,False,False,False,False,False,False,False,False,False,True,False
QuePet_BR01_P11T8,ULS,2019-09-12,4.95,17.395,5.248,leaf-on,20.275,18.445,49.014024,8.68188,476738.43825,5429063.536,256.546692,17.3,False,False,False,False,False,False,False,False,False,True,False
QuePet_BR01_P12T02,ULS,2019-09-12,3.25,16.382,4.644,leaf-on,15.506,13.457,49.013877,8.682214,476762.78125,5429047.1065,262.777527,13.9,False,False,False,False,False,False,False,False,False,True,False
QuePet_BR01_P12T04,ULS,2019-09-12,4.45,15.174,4.316,leaf-on,13.926,12.864,49.013882,8.682255,476765.7775,5429047.579,263.322784,10.6,False,False,False,False,False,False,False,False,False,True,False
QuePet_BR01_P12T05,ULS,2019-09-12,5.05,12.859,4.405,leaf-on,13.92,12.072,49.013871,8.682296,476768.8205,5429046.33325,264.05957,10.5,False,False,False,False,False,False,False,False,False,True,False
QuePet_BR01_P12T06,ULS,2019-09-12,2.15,10.961,3.859,leaf-on,10.425,9.377,49.013847,8.682264,476766.44325,5429043.731,263.762634,8.9,False,False,False,False,False,False,False,False,False,True,False
QuePet_BR01_P12T07,ULS,2019-09-12,5.05,14.96,5.963,leaf-on,25.193,20.136,49.013891,8.682281,476767.7315,5429048.5855,263.620148,14.1,False,False,False,False,False,False,False,False,False,True,False
QuePet_BR01_P12T10,ULS,2019-09-12,5.55,17.458,5.433,leaf-on,22.378,19.714,49.013912,8.682218,476763.0905,5429050.9025,262.577484,15.8,False,False,False,False,False,False,False,False,False,True,False
QuePet_BR01_P12T11,ULS,2019-09-12,4.85,18.692,4.963,leaf-on,17.35,15.709,49.013952,8.682254,476765.73975,5429055.42975,262.637512,18.2,False,False,False,False,False,False,False,False,False,True,False
QuePet_BR01_P12T15,ULS,2019-09-12,6.45,16.741,5.325,leaf-on,21.109,18.402,49.013918,8.682194,476761.3965,5429051.60075,262.244568,16.7,False,False,False,False,False,False,False,False,False,True,False
QuePet_BR01_P12T16,ULS,2019-09-12,6.55,13.75,3.888,leaf-on,11.495,9.566,49.013906,8.682176,476760.0405,5429050.29825,262.0065,11.6,False,False,False,False,False,False,False,False,False,True,False
QuePet_BR01_P12T17,ULS,2019-09-12,5.35,16.205,4.862,leaf-on,16.258,13.801,49.013934,8.682104,476754.8005,5429053.46925,260.718811,13.7,False,False,False,False,False,False,False,False,False,True,False
QuePet_BR01_P12T20,ULS,2019-09-12,2.45,17.49,5.895,leaf-on,25.56,22.802,49.013962,8.682119,476755.882,5429056.6005,260.69986,19.4,False,False,False,False,False,False,False,False,False,True,False
QuePet_BR01_P12T26,ULS,2019-09-12,2.75,13.749,4.382,leaf-on,13.817,11.659,49.013986,8.682156,476758.63075,5429059.17425,260.868774,10.9,False,False,False,False,False,False,False,False,False,True,False
QuePet_BR01_P12T32,ULS,2019-09-12,4.25,13.163,3.383,leaf-on,7.69,7.108,49.013997,8.68222,476763.3235,5429060.3795,261.871124,10.1,False,False,False,False,False,False,False,False,False,True,False
QuePet_BR01_P12T33,ULS,2019-09-12,6.15,10.242,3.656,leaf-on,9.602,7.666,49.013979,8.682239,476764.68575,5429058.388,262.186401,10.4,False,False,False,False,False,False,False,False,False,True,False
QuePet_BR01_P12T35,ULS,2019-09-12,1.95,10.961,3.614,leaf-on,8.218,6.623,49.013865,8.682263,476766.367,5429045.71,263.60025,7.0,False,False,False,False,False,False,False,False,False,True,False
QuePet_BR01_P12T36,ULS,2019-09-12,4.85,10.397,3.326,leaf-on,7.997,6.358,49.0139,8.682148,476757.957,5429049.5995,261.705627,13.1,False,False,False,False,False,False,False,False,False,True,False
QuePet_BR01_P16T1,ULS,2019-09-12,3.45,14.645,5.005,leaf-on,17.642,15.513,49.014287,8.68217,476759.771,5429092.62075,257.172974,16.1,False,False,False,False,False,False,False,False,False,True,False
QuePet_BR01_P16T12,ULS,2019-09-12,5.45,12.761,3.821,leaf-on,10.549,9.632,49.014268,8.682156,476758.746,5429090.5835,257.207245,10.2,False,False,False,False,False,False,False,False,False,True,False
QuePet_BR01_P16T18,ULS,2019-09-12,1.45,13.115,3.762,leaf-on,10.938,9.407,49.014279,8.68212,476756.101125,5429091.817812,256.421387,9.7,False,False,False,False,False,False,False,False,False,True,False
QuePet_BR01_P16T21,ULS,2019-09-12,2.45,14.022,4.944,leaf-on,18.144,15.538,49.014177,8.682045,476750.60575,5429080.4335,256.971252,10.9,False,False,False,False,False,False,False,False,False,True,False
QuePet_BR01_P16T23,ULS,2019-09-12,3.95,14.891,5.23,leaf-on,21.143,16.843,49.01414,8.682055,476751.3075,5429076.348,257.695221,18.0,False,False,False,False,False,False,False,False,False,True,False
QuePet_BR01_P17T20,ULS,2019-09-12,1.15,11.061,3.723,leaf-on,9.82,8.913,49.014183,8.68222,476763.37225,5429081.04675,259.708466,7.2,False,False,False,False,False,False,False,False,False,True,False
QuePet_BR01_P17T29,ULS,2019-09-12,0.95,12.956,4.423,leaf-on,14.231,12.606,49.014255,8.6822,476761.9285,5429089.05875,258.066711,12.4,False,False,False,False,False,False,False,False,False,True,False
QuePet_BR01_P17T4,ULS,2019-09-12,5.15,13.827,6.83,leaf-on,36.655,30.194,49.014041,8.682148,476758.07825,5429065.28425,260.500519,16.7,False,False,False,False,False,False,False,False,False,True,False
QuePet_BR01_P18T21,ULS,2019-09-12,1.85,25.488,8.823,leaf-on,59.51,50.673,49.014013,8.682356,476773.274,5429062.13675,263.585419,35.4,False,False,False,False,False,False,False,False,False,True,False
QuePet_BR01_P21T12,ULS,2019-09-12,4.95,12.541,4.39,leaf-on,14.124,12.507,49.014328,8.682187,476761.06925,5429097.20775,256.769104,11.9,False,False,False,False,False,False,False,False,False,True,False
QuePet_BR01_P21T13,ULS,2019-09-12,2.05,11.552,4.076,leaf-on,12.822,11.47,49.014389,8.682151,476758.41875,5429103.9855,254.921219,11.3,False,False,False,False,False,False,False,False,False,True,False
QuePet_BR01_P21T15,ULS,2019-09-12,3.55,14.777,5.323,leaf-on,22.069,19.276,49.01436,8.682102,476754.834,5429100.75,254.913574,17.6,False,False,False,False,False,False,False,False,False,True,False
QuePet_BR01_P21T16,ULS,2019-09-12,4.75,14.089,5.247,leaf-on,18.375,16.282,49.014453,8.682179,476760.48525,5429111.1495,253.984344,17.1,False,False,False,False,False,False,False,False,False,True,False
QuePet_BR01_P21T18,ULS,2019-09-12,1.55,14.024,5.356,leaf-on,20.812,19.132,49.014347,8.682128,476756.711,5429099.302,255.314285,16.3,False,False,False,False,False,False,False,False,False,True,False
QuePet_BR01_P21T19,ULS,2019-09-12,2.95,8.472,3.201,leaf-on,6.836,3.653,49.014326,8.682171,476759.873535,5429097.01725,256.4665,6.9,False,False,False,False,False,False,False,False,False,True,False
QuePet_BR01_P21T2,ULS,2019-09-12,1.05,18.665,5.354,leaf-on,21.457,19.221,49.014305,8.682103,476754.8665,5429094.72625,255.831543,20.2,False,False,False,False,False,False,False,False,False,True,False
QuePet_BR01_P21T20,ULS,2019-09-12,6.85,15.118,4.449,leaf-on,14.759,12.774,49.014324,8.682049,476750.93625,5429096.84375,254.607224,13.6,False,False,False,False,False,False,False,False,False,True,False
QuePet_BR01_P21T21,ULS,2019-09-12,1.65,8.341,3.379,leaf-on,8.6,7.165,49.014322,8.682204,476762.258301,5429096.525,257.14525,6.9,False,False,False,False,False,False,False,False,False,True,False
QuePet_BR01_P21T23,ULS,2019-09-12,2.95,12.283,3.453,leaf-on,8.924,7.865,49.014441,8.682206,476762.45025,5429109.75425,254.514481,10.3,False,False,False,False,False,False,False,False,False,True,False
QuePet_BR01_P21T28,ULS,2019-09-12,2.25,15.292,5.966,leaf-on,25.413,22.155,49.014429,8.682176,476760.29025,5429108.4355,254.539917,17.8,False,False,False,False,False,False,False,False,False,True,False
QuePet_BR01_P21T3,ULS,2019-09-12,2.55,13.86,3.345,leaf-on,6.996,6.299,49.014299,8.682129,476756.76525,5429093.95625,256.236938,8.9,False,False,False,False,False,False,False,False,False,True,False
QuePet_BR01_P21T32,ULS,2019-09-12,0.85,12.561,3.446,leaf-on,7.952,6.561,49.014383,8.682101,476754.8075,5429103.36575,254.379684,10.0,False,False,False,False,False,False,False,False,False,True,False
QuePet_BR01_P21T35,ULS,2019-09-12,1.85,12.912,4.15,leaf-on,12.802,10.879,49.014403,8.682112,476755.588,5429105.58325,254.142975,12.7,False,False,False,False,False,False,False,False,False,True,False
QuePet_BR01_P21T37,ULS,2019-09-12,1.55,10.925,3.889,leaf-on,10.85,9.939,49.014299,8.682201,476762.049,5429093.97875,257.367279,8.2,False,False,False,False,False,False,False,False,False,True,False
QuePet_BR01_P21T38,ULS,2019-09-12,2.55,12.375,4.334,leaf-on,12.858,12.082,49.01428,8.682195,476761.60625,5429091.84925,257.550781,10.1,False,False,False,False,False,False,False,False,False,True,False
QuePet_BR01_P21T39,ULS,2019-09-12,3.25,13.847,7.285,leaf-on,37.269,29.65,49.014415,8.68215,476758.35525,5429106.9375,254.48024,20.2,False,False,False,False,False,False,False,False,False,True,False
QuePet_BR01_P21T4,ULS,2019-09-12,1.05,14.14,3.848,leaf-on,11.911,10.559,49.014294,8.682149,476758.263417,5429093.437583,256.668213,8.7,False,False,False,False,False,False,False,False,False,True,False
QuePet_BR01_P21T40,ULS,2019-09-12,8.35,14.991,3.967,leaf-on,10.623,9.469,49.014294,8.682075,476752.82125,5429093.47825,255.525818,12.9,False,False,False,False,False,False,False,False,False,True,False
QuePet_BR01_P21T5,ULS,2019-09-12,5.05,16.074,5.91,leaf-on,27.086,25.181,49.014321,8.682132,476756.9935,5429096.484,255.868256,18.8,False,False,False,False,False,False,False,False,False,True,False
QuePet_BR01_P21T6,ULS,2019-09-12,5.25,13.552,4.324,leaf-on,13.089,11.194,49.014315,8.682157,476758.82675,5429095.74175,256.534058,10.1,False,False,False,False,False,False,False,False,False,True,False
QuePet_BR01_P21T7,ULS,2019-09-12,6.55,16.941,4.631,leaf-on,14.968,13.321,49.014336,8.682085,476753.6215,5429098.148,254.979614,17.9,False,False,False,False,False,False,False,False,False,True,False
QuePet_BR01_P21T9,ULS,2019-09-12,4.45,13.367,5.085,leaf-on,19.673,17.635,49.01443,8.682233,476764.444636,5429108.565591,255.137283,16.9,False,False,False,False,False,False,False,False,False,True,False
QuePet_BR01_P22T30,ULS,2019-09-12,4.65,11.561,3.996,leaf-on,12.284,11.112,49.014272,8.682218,476763.29625,5429090.92475,258.074219,10.0,False,False,False,False,False,False,False,False,False,True,False
QuePet_BR01_P22T6,ULS,2019-09-12,1.35,25.148,9.807,leaf-on,62.502,53.797,49.014268,8.682319,476770.6655,5429090.51625,259.687256,46.5,False,False,False,False,False,False,False,False,False,True,False
QuePet_BR01_P25T6,ULS,2019-09-12,2.25,27.026,11.247,leaf-on,85.64,69.579,49.014035,8.682987,476819.37425,5429064.366,273.276093,38.8,False,False,False,False,False,False,False,False,False,True,False
QuePet_BR01_P5T10,ULS,2019-09-12,11.95,28.964,9.717,leaf-on,67.799,53.976,49.013332,8.682677,476796.3995,5428986.3715,278.301422,42.0,False,False,False,False,False,False,False,False,False,True,False
QuePet_BR01_P5T12,ULS,2019-09-12,1.75,29.898,7.448,leaf-on,39.109,33.125,49.013275,8.682709,476798.69275,5428980.0355,279.181366,40.3,False,False,False,False,False,False,False,False,False,True,False
QuePet_BR01_P5T5,ULS,2019-09-12,14.35,28.747,9.003,leaf-on,59.559,50.536,49.013379,8.682798,476805.27425,5428991.49275,279.310883,38.3,False,False,False,False,False,False,False,False,False,True,False
QuePet_BR01_P5T6,ULS,2019-09-12,4.75,28.899,4.829,leaf-on,16.391,13.682,49.013414,8.682671,476796.0355,5428995.44575,277.467987,30.8,False,False,False,False,False,False,False,False,False,True,False
QuePet_BR01_P5T8,ULS,2019-09-12,18.85,31.357,6.936,leaf-on,31.09,27.32,49.013369,8.682722,476799.73675,5428990.43425,278.386078,36.9,False,False,False,False,False,False,False,False,False,True,False
QuePet_BR01_P6T13,ULS,2019-09-12,5.25,15.43,3.855,leaf-on,11.179,9.404,49.013989,8.681826,476734.46,5429059.5835,256.300201,10.7,False,False,False,False,False,False,False,False,False,True,False
QuePet_BR01_P6T17,ULS,2019-09-12,1.55,18.163,7.611,leaf-on,41.006,35.098,49.013942,8.681868,476737.547,5429054.36725,257.279938,22.5,False,False,False,False,False,False,False,False,False,True,False
QuePet_BR01_P6T19,ULS,2019-09-12,3.05,16.241,5.26,leaf-on,20.746,16.913,49.013945,8.681901,476739.9715,5429054.70875,257.70517,15.4,False,False,False,False,False,False,False,False,False,True,False
QuePet_BR01_P6T9,ULS,2019-09-12,7.15,18.427,6.943,leaf-on,36.015,31.827,49.013971,8.681771,476730.47525,5429057.63775,255.705811,22.0,False,False,False,False,False,False,False,False,False,True,False
QuePet_BR01_P7T17,ULS,2019-09-12,2.45,15.498,3.751,leaf-on,10.77,9.893,49.013896,8.682102,476754.632,5429049.234,261.020691,12.4,False,False,False,False,False,False,False,False,False,True,False
QuePet_BR01_P7T20,ULS,2019-09-12,5.05,17.659,3.539,leaf-on,9.136,8.202,49.013917,8.682045,476750.49425,5429051.6005,260.020508,14.5,False,False,False,False,False,False,False,False,False,True,False
QuePet_BR01_P7T21,ULS,2019-09-12,1.75,14.868,3.741,leaf-on,9.473,8.127,49.013897,8.682056,476751.26575,5429049.36175,260.397766,12.5,False,False,False,False,False,False,False,False,False,True,False
QuePet_BR01_P7T28,ULS,2019-09-12,2.45,15.456,4.26,leaf-on,13.257,12.123,49.013859,8.682232,476764.14075,5429045.03625,263.123322,11.3,False,False,False,False,False,False,False,False,False,True,False
QuePet_BR01_P7T3,ULS,2019-09-12,5.55,17.327,6.258,leaf-on,29.825,24.373,49.013852,8.682137,476757.15575,5429044.27225,261.965332,17.9,False,False,False,False,False,False,False,False,False,True,False
QuePet_BR01_P7T4,ULS,2019-09-12,5.25,12.651,3.756,leaf-on,9.614,8.164,49.01386,8.68212,476755.906,5429045.214,261.64682,10.4,False,False,False,False,False,False,False,False,False,True,False
QuePet_BR01_P7T5,ULS,2019-09-12,2.75,15.816,3.809,leaf-on,10.674,9.625,49.013872,8.682184,476760.59175,5429046.4915,262.319641,12.5,False,False,False,False,False,False,False,False,False,True,False
SalCap_BR01_P7T24,ULS,2019-09-12,3.05,16.6,8.863,leaf-on,51.134,44.407,49.013847,8.682053,476751.034,5429043.79625,260.824615,24.6,False,False,False,False,False,False,False,False,False,False,True
